county,rating_area
ALEUTIANS_EAST_BOROUGH_AK,1
ALEUTIANS_WEST_CENSUS_AREA_AK,2
ANCHORAGE_MUNICIPALITY_AK,1
BETHEL_CENSUS_AREA_AK,2
BRISTOL_BAY_BOROUGH_AK,2
DENALI_BOROUGH_AK,2
DILLINGHAM_CENSUS_AREA_AK,2
FAIRBANKS_NORTH_STAR_BOROUGH_AK,2
HAINES_AK,3
HOONAH_ANGOON_CENSUS_AREA_AK,3
JUNEAU_CITY_AND_BOROUGH_AK,3
KENAI_PENINSULA_BOROUGH_AK,2
KETCHIKAN_GATEWAY_BOROUGH_AK,3
KODIAK_ISLAND_BOROUGH_AK,2
LAKE_AND_PENINSULA_BOROUGH_AK,1
MATANUSKA_SUSITNA_BOROUGH_AK,2
NOME_CENSUS_AREA_AK,2
NORTH_SLOPE_BOROUGH_AK,2
NORTHWEST_ARCTIC_BOROUGH_AK,2
PETERSBURG_AK,3
PRINCE_OF_WALESHYDER_AK,3
SITKA_CITY_AND_BOROUGH_AK,3
SKAGWAY_MUNICIPALITY_AK,3
SOUTHEAST_FAIRBANKS_CENSUS_AREA_AK,2
VALDEZCORDOVA_AK,1
WADE_HAMPTON_AK,2
WRANGELL_CITY_AND_BOROUGH_AK,3
YAKUTAT_CITY_AND_BOROUGH_AK,2
YUKON_KOYUKUK_CENSUS_AREA_AK,2
AUTAUGA_COUNTY_AL,11
BALDWIN_COUNTY_AL,13
BARBOUR_COUNTY_AL,13
BIBB_COUNTY_AL,3
BLOUNT_COUNTY_AL,3
BULLOCK_COUNTY_AL,13
BUTLER_COUNTY_AL,13
CALHOUN_COUNTY_AL,1
CHAMBERS_COUNTY_AL,13
CHEROKEE_COUNTY_AL,13
CHILTON_COUNTY_AL,3
CHOCTAW_COUNTY_AL,13
CLARKE_COUNTY_AL,13
CLAY_COUNTY_AL,13
CLEBURNE_COUNTY_AL,13
COFFEE_COUNTY_AL,13
COLBERT_COUNTY_AL,7
CONECUH_COUNTY_AL,13
COOSA_COUNTY_AL,13
COVINGTON_COUNTY_AL,13
CRENSHAW_COUNTY_AL,13
CULLMAN_COUNTY_AL,13
DALE_COUNTY_AL,13
DALLAS_COUNTY_AL,13
DEKALB_COUNTY_AL,13
ELMORE_COUNTY_AL,11
ESCAMBIA_COUNTY_AL,13
ETOWAH_COUNTY_AL,8
FAYETTE_COUNTY_AL,13
FRANKLIN_COUNTY_AL,13
GENEVA_COUNTY_AL,6
GREENE_COUNTY_AL,12
HALE_COUNTY_AL,12
HENRY_COUNTY_AL,6
HOUSTON_COUNTY_AL,6
JACKSON_COUNTY_AL,13
JEFFERSON_COUNTY_AL,3
LAMAR_COUNTY_AL,13
LAUDERDALE_COUNTY_AL,7
LAWRENCE_COUNTY_AL,5
LEE_COUNTY_AL,2
LIMESTONE_COUNTY_AL,9
LOWNDES_COUNTY_AL,11
MACON_COUNTY_AL,13
MADISON_COUNTY_AL,9
MARENGO_COUNTY_AL,13
MARION_COUNTY_AL,13
MARSHALL_COUNTY_AL,13
MOBILE_COUNTY_AL,10
MONROE_COUNTY_AL,13
MONTGOMERY_COUNTY_AL,11
MORGAN_COUNTY_AL,5
PERRY_COUNTY_AL,13
PICKENS_COUNTY_AL,13
PIKE_COUNTY_AL,13
RANDOLPH_COUNTY_AL,13
RUSSELL_COUNTY_AL,4
SHELBY_COUNTY_AL,3
ST_CLAIR_COUNTY_AL,3
SUMTER_COUNTY_AL,13
TALLADEGA_COUNTY_AL,13
TALLAPOOSA_COUNTY_AL,13
TUSCALOOSA_COUNTY_AL,12
WALKER_COUNTY_AL,3
WASHINGTON_COUNTY_AL,13
WILCOX_COUNTY_AL,13
WINSTON_COUNTY_AL,13
ARKANSAS_COUNTY_AR,5
ASHLEY_COUNTY_AR,5
BAXTER_COUNTY_AR,3
BENTON_COUNTY_AR,3
BOONE_COUNTY_AR,3
BRADLEY_COUNTY_AR,5
CALHOUN_COUNTY_AR,6
CARROLL_COUNTY_AR,3
CHICOT_COUNTY_AR,5
CLARK_COUNTY_AR,4
CLAY_COUNTY_AR,2
CLEBURNE_COUNTY_AR,1
CLEVELAND_COUNTY_AR,5
COLUMBIA_COUNTY_AR,6
CONWAY_COUNTY_AR,1
CRAIGHEAD_COUNTY_AR,2
CRAWFORD_COUNTY_AR,7
CRITTENDEN_COUNTY_AR,2
CROSS_COUNTY_AR,2
DALLAS_COUNTY_AR,5
DESHA_COUNTY_AR,5
DREW_COUNTY_AR,5
FAULKNER_COUNTY_AR,1
FRANKLIN_COUNTY_AR,7
FULTON_COUNTY_AR,2
GARLAND_COUNTY_AR,4
GRANT_COUNTY_AR,1
GREENE_COUNTY_AR,2
HEMPSTEAD_COUNTY_AR,6
HOT_SPRING_COUNTY_AR,4
HOWARD_COUNTY_AR,6
INDEPENDENCE_COUNTY_AR,2
IZARD_COUNTY_AR,2
JACKSON_COUNTY_AR,2
JEFFERSON_COUNTY_AR,5
JOHNSON_COUNTY_AR,7
LAFAYETTE_COUNTY_AR,6
LAWRENCE_COUNTY_AR,2
LEE_COUNTY_AR,5
LINCOLN_COUNTY_AR,5
LITTLE_RIVER_COUNTY_AR,6
LOGAN_COUNTY_AR,7
LONOKE_COUNTY_AR,1
MADISON_COUNTY_AR,3
MARION_COUNTY_AR,3
MILLER_COUNTY_AR,6
MISSISSIPPI_COUNTY_AR,2
MONROE_COUNTY_AR,5
MONTGOMERY_COUNTY_AR,4
NEVADA_COUNTY_AR,6
NEWTON_COUNTY_AR,3
OUACHITA_COUNTY_AR,6
PERRY_COUNTY_AR,1
PHILLIPS_COUNTY_AR,5
PIKE_COUNTY_AR,4
POINSETT_COUNTY_AR,2
POLK_COUNTY_AR,7
POPE_COUNTY_AR,1
PRAIRIE_COUNTY_AR,1
PULASKI_COUNTY_AR,1
RANDOLPH_COUNTY_AR,2
SALINE_COUNTY_AR,1
SCOTT_COUNTY_AR,7
SEARCY_COUNTY_AR,3
SEBASTIAN_COUNTY_AR,7
SEVIER_COUNTY_AR,6
SHARP_COUNTY_AR,2
ST_FRANCIS_COUNTY_AR,2
STONE_COUNTY_AR,2
UNION_COUNTY_AR,6
VAN_BUREN_COUNTY_AR,1
WASHINGTON_COUNTY_AR,3
WHITE_COUNTY_AR,1
WOODRUFF_COUNTY_AR,2
YELL_COUNTY_AR,1
APACHE_COUNTY_AZ,1
COCHISE_COUNTY_AZ,7
COCONINO_COUNTY_AZ,1
GILA_COUNTY_AZ,5
GRAHAM_COUNTY_AZ,7
GREENLEE_COUNTY_AZ,7
LA_PAZ_COUNTY_AZ,3
MARICOPA_COUNTY_AZ,4
MOHAVE_COUNTY_AZ,1
NAVAJO_COUNTY_AZ,1
PIMA_COUNTY_AZ,6
PINAL_COUNTY_AZ,5
SANTA_CRUZ_COUNTY_AZ,6
YAVAPAI_COUNTY_AZ,2
YUMA_COUNTY_AZ,3
ALAMEDA_COUNTY_CA,6
ALPINE_COUNTY_CA,1
AMADOR_COUNTY_CA,1
BUTTE_COUNTY_CA,1
CALAVERAS_COUNTY_CA,1
COLUSA_COUNTY_CA,1
CONTRA_COSTA_COUNTY_CA,5
DEL_NORTE_COUNTY_CA,1
EL_DORADO_COUNTY_CA,3
FRESNO_COUNTY_CA,11
GLENN_COUNTY_CA,1
HUMBOLDT_COUNTY_CA,1
IMPERIAL_COUNTY_CA,13
INYO_COUNTY_CA,15
KERN_COUNTY_CA,14
KINGS_COUNTY_CA,16
LAKE_COUNTY_CA,1
LASSEN_COUNTY_CA,1
LOS_ANGELES_COUNTY_CA,16
MADERA_COUNTY_CA,11
MARIN_COUNTY_CA,2
MARIPOSA_COUNTY_CA,10
MENDOCINO_COUNTY_CA,1
MERCED_COUNTY_CA,10
MODOC_COUNTY_CA,1
MONO_COUNTY_CA,15
MONTEREY_COUNTY_CA,9
NAPA_COUNTY_CA,2
NEVADA_COUNTY_CA,1
ORANGE_COUNTY_CA,15
PLACER_COUNTY_CA,3
PLUMAS_COUNTY_CA,1
RIVERSIDE_COUNTY_CA,17
SACRAMENTO_COUNTY_CA,3
SAN_BENITO_COUNTY_CA,9
SAN_BERNARDINO_COUNTY_CA,17
SAN_DIEGO_COUNTY_CA,19
SAN_FRANCISCO_COUNTY_CA,4
SAN_JOAQUIN_COUNTY_CA,10
SAN_LUIS_OBISPO_COUNTY_CA,12
SAN_MATEO_COUNTY_CA,8
SANTA_BARBARA_COUNTY_CA,12
SANTA_CLARA_COUNTY_CA,7
SANTA_CRUZ_COUNTY_CA,9
SHASTA_COUNTY_CA,1
SIERRA_COUNTY_CA,1
SISKIYOU_COUNTY_CA,1
SOLANO_COUNTY_CA,2
SONOMA_COUNTY_CA,2
STANISLAUS_COUNTY_CA,10
SUTTER_COUNTY_CA,1
TEHAMA_COUNTY_CA,1
TRINITY_COUNTY_CA,1
TULARE_COUNTY_CA,16
TUOLUMNE_COUNTY_CA,1
VENTURA_COUNTY_CA,12
YOLO_COUNTY_CA,3
YUBA_COUNTY_CA,1
ADAMS_COUNTY_CO,3
ALAMOSA_COUNTY_CO,8
ARAPAHOE_COUNTY_CO,3
ARCHULETA_COUNTY_CO,9
BACA_COUNTY_CO,8
BENT_COUNTY_CO,8
BOULDER_COUNTY_CO,1
BROOMFIELD_COUNTY_CO,3
CHAFFEE_COUNTY_CO,8
CHEYENNE_COUNTY_CO,8
CLEAR_CREEK_COUNTY_CO,3
CONEJOS_COUNTY_CO,8
COSTILLA_COUNTY_CO,8
CROWLEY_COUNTY_CO,8
CUSTER_COUNTY_CO,8
DELTA_COUNTY_CO,9
DENVER_COUNTY_CO,3
DOLORES_COUNTY_CO,9
DOUGLAS_COUNTY_CO,3
EAGLE_COUNTY_CO,9
EL_PASO_COUNTY_CO,2
ELBERT_COUNTY_CO,3
FREMONT_COUNTY_CO,8
GARFIELD_COUNTY_CO,9
GILPIN_COUNTY_CO,3
GRAND_COUNTY_CO,9
GUNNISON_COUNTY_CO,9
HINSDALE_COUNTY_CO,9
HUERFANO_COUNTY_CO,8
JACKSON_COUNTY_CO,9
JEFFERSON_COUNTY_CO,3
KIOWA_COUNTY_CO,8
KIT_CARSON_COUNTY_CO,8
LA_PLATA_COUNTY_CO,9
LAKE_COUNTY_CO,9
LARIMER_COUNTY_CO,4
LAS_ANIMAS_COUNTY_CO,8
LINCOLN_COUNTY_CO,8
LOGAN_COUNTY_CO,8
MESA_COUNTY_CO,5
MINERAL_COUNTY_CO,8
MOFFAT_COUNTY_CO,9
MONTEZUMA_COUNTY_CO,9
MONTROSE_COUNTY_CO,9
MORGAN_COUNTY_CO,8
OTERO_COUNTY_CO,8
OURAY_COUNTY_CO,9
PARK_COUNTY_CO,3
PHILLIPS_COUNTY_CO,8
PITKIN_COUNTY_CO,9
PROWERS_COUNTY_CO,8
PUEBLO_COUNTY_CO,7
RIO_BLANCO_COUNTY_CO,9
RIO_GRANDE_COUNTY_CO,8
ROUTT_COUNTY_CO,9
SAGUACHE_COUNTY_CO,8
SAN_JUAN_COUNTY_CO,9
SAN_MIGUEL_COUNTY_CO,9
SEDGWICK_COUNTY_CO,8
SUMMIT_COUNTY_CO,9
TELLER_COUNTY_CO,2
WASHINGTON_COUNTY_CO,8
WELD_COUNTY_CO,6
YUMA_COUNTY_CO,8
FAIRFIELD_COUNTY_CT,1
HARTFORD_COUNTY_CT,2
LITCHFIELD_COUNTY_CT,3
MIDDLESEX_COUNTY_CT,4
NEW_HAVEN_COUNTY_CT,5
NEW_LONDON_COUNTY_CT,6
TOLLAND_COUNTY_CT,7
WINDHAM_COUNTY_CT,8
DISTRICT_OF_COLUMBIA_DC,1
KENT_COUNTY_DE,1
NEW_CASTLE_COUNTY_DE,1
SUSSEX_COUNTY_DE,1
ALACHUA_COUNTY_FL,1
BAKER_COUNTY_FL,2
BAY_COUNTY_FL,3
BRADFORD_COUNTY_FL,4
BREVARD_COUNTY_FL,5
BROWARD_COUNTY_FL,6
CALHOUN_COUNTY_FL,7
CHARLOTTE_COUNTY_FL,8
CITRUS_COUNTY_FL,9
CLAY_COUNTY_FL,10
COLLIER_COUNTY_FL,11
COLUMBIA_COUNTY_FL,12
DESOTO_COUNTY_FL,13
DIXIE_COUNTY_FL,14
DUVAL_COUNTY_FL,15
ESCAMBIA_COUNTY_FL,16
FLAGLER_COUNTY_FL,17
FRANKLIN_COUNTY_FL,18
GADSDEN_COUNTY_FL,19
GILCHRIST_COUNTY_FL,20
GLADES_COUNTY_FL,21
GULF_COUNTY_FL,22
HAMILTON_COUNTY_FL,23
HARDEE_COUNTY_FL,24
HENDRY_COUNTY_FL,25
HERNANDO_COUNTY_FL,26
HIGHLANDS_COUNTY_FL,27
HILLSBOROUGH_COUNTY_FL,28
HOLMES_COUNTY_FL,29
INDIAN_RIVER_COUNTY_FL,30
JACKSON_COUNTY_FL,31
JEFFERSON_COUNTY_FL,32
LAFAYETTE_COUNTY_FL,33
LAKE_COUNTY_FL,34
LEE_COUNTY_FL,35
LEON_COUNTY_FL,36
LEVY_COUNTY_FL,37
LIBERTY_COUNTY_FL,38
MADISON_COUNTY_FL,39
MANATEE_COUNTY_FL,40
MARION_COUNTY_FL,41
MARTIN_COUNTY_FL,42
MIAMI_DADE_COUNTY_FL,43
MONROE_COUNTY_FL,44
NASSAU_COUNTY_FL,45
OKALOOSA_COUNTY_FL,46
OKEECHOBEE_COUNTY_FL,47
ORANGE_COUNTY_FL,48
OSCEOLA_COUNTY_FL,49
PALM_BEACH_COUNTY_FL,50
PASCO_COUNTY_FL,51
PINELLAS_COUNTY_FL,52
POLK_COUNTY_FL,53
PUTNAM_COUNTY_FL,54
SANTA_ROSA_COUNTY_FL,55
SARASOTA_COUNTY_FL,56
SEMINOLE_COUNTY_FL,57
ST_JOHNS_COUNTY_FL,58
ST_LUCIE_COUNTY_FL,59
SUMTER_COUNTY_FL,60
SUWANNEE_COUNTY_FL,61
TAYLOR_COUNTY_FL,62
UNION_COUNTY_FL,63
VOLUSIA_COUNTY_FL,64
WAKULLA_COUNTY_FL,65
WALTON_COUNTY_FL,66
WASHINGTON_COUNTY_FL,67
APPLING_COUNTY_GA,14
ATKINSON_COUNTY_GA,11
BACON_COUNTY_GA,6
BAKER_COUNTY_GA,1
BALDWIN_COUNTY_GA,16
BANKS_COUNTY_GA,10
BARROW_COUNTY_GA,2
BARTOW_COUNTY_GA,3
BEN_HILL_GA,15
BERRIEN_COUNTY_GA,15
BIBB_COUNTY_GA,12
BLECKLEY_COUNTY_GA,12
BRANTLEY_COUNTY_GA,6
BROOKS_COUNTY_GA,15
BRYAN_GA,14
BULLOCH_COUNTY_GA,14
BURKE_COUNTY_GA,5
BUTTS_COUNTY_GA,3
CALHOUN_COUNTY_GA,1
CAMDEN_COUNTY_GA,6
CANDLER_COUNTY_GA,14
CARROLL_COUNTY_GA,4
CATOOSA_COUNTY_GA,7
CHARLTON_COUNTY_GA,6
CHATHAM_COUNTY_GA,14
CHATTAHOOCHEE_COUNTY_GA,8
CHATTOOGA_COUNTY_GA,13
CHEROKEE_COUNTY_GA,3
CLARKE_COUNTY_GA,2
CLAY_COUNTY_GA,1
CLAYTON_COUNTY_GA,3
CLINCH_COUNTY_GA,15
COBB_COUNTY_GA,3
COFFEE_COUNTY_GA,11
COLQUITT_COUNTY_GA,15
COLUMBIA_COUNTY_GA,5
COOK_COUNTY_GA,15
COWETA_COUNTY_GA,3
CRAWFORD_COUNTY_GA,12
CRISP_COUNTY_GA,1
DADE_COUNTY_GA,7
DAWSON_GA,10
DEKALB_COUNTY_GA,3
DECATUR_COUNTY_GA,15
DODGE_COUNTY_GA,12
DOOLY_COUNTY_GA,12
DOUGHERTY_COUNTY_GA,1
DOUGLAS_COUNTY_GA,3
EARLY_COUNTY_GA,15
ECHOLS_COUNTY_GA,15
EFFINGHAM_COUNTY_GA,14
ELBERT_COUNTY_GA,2
EMANUEL_COUNTY_GA,5
EVANS_COUNTY_GA,14
FANNIN_COUNTY_GA,9
FAYETTE_COUNTY_GA,3
FLOYD_COUNTY_GA,13
FORSYTH_COUNTY_GA,3
FRANKLIN_COUNTY_GA,10
FULTON_COUNTY_GA,3
GILMER_COUNTY_GA,13
GLASCOCK_COUNTY_GA,5
GLYNN_COUNTY_GA,6
GORDON_COUNTY_GA,13
GRADY_COUNTY_GA,15
GREENE_COUNTY_GA,2
GWINNETT_COUNTY_GA,3
HABERSHAM_COUNTY_GA,10
HALL_COUNTY_GA,10
HANCOCK_COUNTY_GA,16
HARALSON_COUNTY_GA,4
HARRIS_COUNTY_GA,8
HART_COUNTY_GA,10
HEARD_COUNTY_GA,4
HENRY_COUNTY_GA,3
HOUSTON_COUNTY_GA,12
IRWIN_COUNTY_GA,15
JACKSON_COUNTY_GA,2
JASPER_COUNTY_GA,3
JEFF_DAVIS_COUNTY_GA,11
JEFFERSON_COUNTY_GA,5
JENKINS_COUNTY_GA,5
JOHNSON_GA,11
JONES_COUNTY_GA,12
LAMAR_COUNTY_GA,3
LANIER_COUNTY_GA,15
LAURENS_COUNTY_GA,11
LEE_COUNTY_GA,1
LIBERTY_COUNTY_GA,14
LINCOLN_COUNTY_GA,5
LONG_COUNTY_GA,14
LOWNDES_COUNTY_GA,15
LUMPKIN_COUNTY_GA,10
MACON_COUNTY_GA,8
MADISON_COUNTY_GA,2
MARION_COUNTY_GA,8
MCDUFFIE_COUNTY_GA,5
MCINTOSH_COUNTY_GA,6
MERIWETHER_COUNTY_GA,8
MILLER_COUNTY_GA,15
MITCHELL_COUNTY_GA,1
MONROE_COUNTY_GA,12
MONTGOMERY_COUNTY_GA,11
MORGAN_COUNTY_GA,2
MURRAY_COUNTY_GA,9
MUSCOGEE_COUNTY_GA,8
NEWTON_COUNTY_GA,3
OCONEE_COUNTY_GA,2
OGLETHORPE_COUNTY_GA,2
PAULDING_COUNTY_GA,3
PEACH_COUNTY_GA,12
PICKENS_COUNTY_GA,13
PIERCE_COUNTY_GA,6
PIKE_COUNTY_GA,3
POLK_COUNTY_GA,13
PULASKI_COUNTY_GA,12
PUTNAM_COUNTY_GA,12
QUITMAN_COUNTY_GA,8
RABUN_COUNTY_GA,10
RANDOLPH_COUNTY_GA,1
RICHMOND_COUNTY_GA,5
ROCKDALE_COUNTY_GA,3
SCHLEY_COUNTY_GA,1
SCREVEN_COUNTY_GA,14
SEMINOLE_COUNTY_GA,15
SPALDING_COUNTY_GA,3
STEPHENS_COUNTY_GA,10
STEWART_COUNTY_GA,8
SUMTER_COUNTY_GA,1
TALBOT_COUNTY_GA,8
TALIAFERRO_COUNTY_GA,5
TATTNALL_COUNTY_GA,14
TAYLOR_COUNTY_GA,8
TELFAIR_COUNTY_GA,11
TERRELL_COUNTY_GA,1
THOMAS_COUNTY_GA,15
TIFT_COUNTY_GA,15
TOOMBS_GA,11
TOWNS_COUNTY_GA,10
TREUTLEN_COUNTY_GA,11
TROUP_COUNTY_GA,8
TURNER_COUNTY_GA,15
TWIGGS_COUNTY_GA,12
UNION_COUNTY_GA,10
UPSON_COUNTY_GA,8
WALKER_COUNTY_GA,7
WALTON_COUNTY_GA,3
WARE_COUNTY_GA,6
WARREN_COUNTY_GA,5
WASHINGTON_COUNTY_GA,16
WAYNE_COUNTY_GA,6
WEBSTER_COUNTY_GA,8
WHEELER_COUNTY_GA,11
WHITE_COUNTY_GA,10
WHITFIELD_COUNTY_GA,9
WILCOX_COUNTY_GA,12
WILKES_COUNTY_GA,5
WILKINSON_COUNTY_GA,16
WORTH_COUNTY_GA,1
GUAM_GU,1
HAWAII_COUNTY_HI,1
HONOLULU_COUNTY_HI,1
KALAWAO_COUNTY_HI,1
KAUAI_COUNTY_HI,1
MAUI_COUNTY_HI,1
ADAIR_COUNTY_IA,4
ADAMS_COUNTY_IA,4
ALLAMAKEE_COUNTY_IA,7
APPANOOSE_COUNTY_IA,5
AUDUBON_COUNTY_IA,4
BENTON_COUNTY_IA,6
BLACK_HAWK_COUNTY_IA,6
BOONE_COUNTY_IA,1
BREMER_COUNTY_IA,7
BUCHANAN_COUNTY_IA,6
BUENA_VISTA_COUNTY_IA,3
BUTLER_COUNTY_IA,7
CALHOUN_COUNTY_IA,1
CARROLL_COUNTY_IA,1
CASS_COUNTY_IA,4
CEDAR_COUNTY_IA,6
CERRO_GORDO_COUNTY_IA,7
CHEROKEE_COUNTY_IA,3
CHICKASAW_COUNTY_IA,7
CLARKE_COUNTY_IA,4
CLAY_COUNTY_IA,3
CLAYTON_COUNTY_IA,6
CLINTON_COUNTY_IA,6
CRAWFORD_COUNTY_IA,3
DALLAS_COUNTY_IA,2
DAVIS_COUNTY_IA,5
DECATUR_COUNTY_IA,4
DELAWARE_COUNTY_IA,6
DES_MOINES_COUNTY_IA,5
DICKINSON_COUNTY_IA,3
DUBUQUE_COUNTY_IA,6
EMMET_COUNTY_IA,7
FAYETTE_COUNTY_IA,7
FLOYD_COUNTY_IA,7
FRANKLIN_COUNTY_IA,7
FREMONT_COUNTY_IA,4
GREENE_COUNTY_IA,1
GRUNDY_COUNTY_IA,1
GUTHRIE_COUNTY_IA,4
HAMILTON_COUNTY_IA,1
HANCOCK_COUNTY_IA,7
HARDIN_COUNTY_IA,1
HARRISON_COUNTY_IA,4
HENRY_COUNTY_IA,5
HOWARD_COUNTY_IA,7
HUMBOLDT_COUNTY_IA,7
IDA_COUNTY_IA,3
IOWA_COUNTY_IA,6
JACKSON_COUNTY_IA,6
JASPER_COUNTY_IA,2
JEFFERSON_COUNTY_IA,5
JOHNSON_COUNTY_IA,6
JONES_COUNTY_IA,6
KEOKUK_COUNTY_IA,5
KOSSUTH_COUNTY_IA,7
LEE_COUNTY_IA,5
LINN_COUNTY_IA,6
LOUISA_COUNTY_IA,5
LUCAS_COUNTY_IA,5
LYON_COUNTY_IA,3
MADISON_COUNTY_IA,2
MAHASKA_COUNTY_IA,5
MARION_COUNTY_IA,2
MARSHALL_COUNTY_IA,1
MILLS_COUNTY_IA,4
MITCHELL_COUNTY_IA,7
MONONA_COUNTY_IA,3
MONROE_COUNTY_IA,5
MONTGOMERY_COUNTY_IA,4
MUSCATINE_COUNTY_IA,5
O_BRIEN_COUNTY_IA,3
OSCEOLA_COUNTY_IA,3
PAGE_COUNTY_IA,4
PALO_ALTO_COUNTY_IA,3
PLYMOUTH_COUNTY_IA,3
POCAHONTAS_COUNTY_IA,3
POLK_COUNTY_IA,2
POTTAWATTAMIE_COUNTY_IA,4
POWESHIEK_COUNTY_IA,1
RINGGOLD_COUNTY_IA,4
SAC_COUNTY_IA,3
SCOTT_COUNTY_IA,6
SHELBY_COUNTY_IA,4
SIOUX_COUNTY_IA,3
STORY_COUNTY_IA,1
TAMA_COUNTY_IA,1
TAYLOR_COUNTY_IA,4
UNION_COUNTY_IA,4
VAN_BUREN_COUNTY_IA,5
WAPELLO_COUNTY_IA,5
WARREN_COUNTY_IA,2
WASHINGTON_COUNTY_IA,5
WAYNE_COUNTY_IA,5
WEBSTER_COUNTY_IA,1
WINNEBAGO_COUNTY_IA,7
WINNESHIEK_COUNTY_IA,7
WOODBURY_COUNTY_IA,3
WORTH_COUNTY_IA,7
WRIGHT_COUNTY_IA,7
ADA_COUNTY_ID,5
ADAMS_COUNTY_ID,5
BANNOCK_COUNTY_ID,1
BEAR_LAKE_COUNTY_ID,1
BENEWAH_COUNTY_ID,7
BINGHAM_COUNTY_ID,1
BLAINE_COUNTY_ID,2
BOISE_COUNTY_ID,6
BONNER_COUNTY_ID,7
BONNEVILLE_COUNTY_ID,3
BOUNDARY_COUNTY_ID,7
BUTTE_COUNTY_ID,1
CAMAS_COUNTY_ID,2
CANYON_COUNTY_ID,5
CARIBOU_COUNTY_ID,1
CASSIA_COUNTY_ID,2
CLARK_COUNTY_ID,3
CLEARWATER_COUNTY_ID,4
CUSTER_COUNTY_ID,1
ELMORE_COUNTY_ID,5
FRANKLIN_COUNTY_ID,1
FREMONT_COUNTY_ID,3
GEM_COUNTY_ID,5
GOODING_COUNTY_ID,2
IDAHO_COUNTY_ID,4
JEFFERSON_COUNTY_ID,3
JEROME_COUNTY_ID,2
KOOTENAI_COUNTY_ID,7
LATAH_COUNTY_ID,7
LEMHI_COUNTY_ID,3
LEWIS_COUNTY_ID,4
LINCOLN_COUNTY_ID,2
MADISON_COUNTY_ID,3
MINIDOKA_COUNTY_ID,2
NEZ_PERCE_COUNTY_ID,7
ONEIDA_COUNTY_ID,1
OWYHEE_COUNTY_ID,2
PAYETTE_COUNTY_ID,5
POWER_COUNTY_ID,1
SHOSHONE_COUNTY_ID,7
TETON_COUNTY_ID,3
TWIN_FALLS_COUNTY_ID,2
VALLEY_COUNTY_ID,5
WASHINGTON_COUNTY_ID,5
ADAMS_COUNTY_IL,10
ALEXANDER_COUNTY_IL,13
BOND_COUNTY_IL,11
BOONE_COUNTY_IL,5
BROWN_COUNTY_IL,10
BUREAU_COUNTY_IL,6
CALHOUN_COUNTY_IL,11
CARROLL_COUNTY_IL,5
CASS_COUNTY_IL,10
CHAMPAIGN_COUNTY_IL,9
CHRISTIAN_COUNTY_IL,10
CLARK_COUNTY_IL,9
CLAY_COUNTY_IL,13
CLINTON_COUNTY_IL,11
COLES_COUNTY_IL,9
COOK_COUNTY_IL,1
CRAWFORD_COUNTY_IL,13
CUMBERLAND_COUNTY_IL,9
DE_WITT_COUNTY_IL,8
DEKALB_COUNTY_IL,5
DOUGLAS_COUNTY_IL,9
DUPAGE_COUNTY_IL,3
EDGAR_COUNTY_IL,9
EDWARDS_COUNTY_IL,13
EFFINGHAM_COUNTY_IL,13
FAYETTE_COUNTY_IL,13
FORD_COUNTY_IL,9
FRANKLIN_COUNTY_IL,13
FULTON_COUNTY_IL,7
GALLATIN_COUNTY_IL,13
GREENE_COUNTY_IL,11
GRUNDY_COUNTY_IL,4
HAMILTON_COUNTY_IL,13
HANCOCK_COUNTY_IL,6
HARDIN_COUNTY_IL,13
HENDERSON_COUNTY_IL,6
HENRY_COUNTY_IL,6
IROQUOIS_COUNTY_IL,9
JACKSON_COUNTY_IL,13
JASPER_COUNTY_IL,13
JEFFERSON_COUNTY_IL,13
JERSEY_COUNTY_IL,11
JO_DAVIESS_COUNTY_IL,5
JOHNSON_COUNTY_IL,13
KANE_COUNTY_IL,3
KANKAKEE_COUNTY_IL,4
KENDALL_COUNTY_IL,4
KNOX_COUNTY_IL,7
LASALLE_COUNTY_IL,7
LAKE_COUNTY_IL,2
LAWRENCE_COUNTY_IL,13
LEE_COUNTY_IL,5
LIVINGSTON_COUNTY_IL,8
LOGAN_COUNTY_IL,10
MACON_COUNTY_IL,10
MACOUPIN_COUNTY_IL,11
MADISON_COUNTY_IL,12
MARION_COUNTY_IL,13
MARSHALL_COUNTY_IL,7
MASON_COUNTY_IL,10
MASSAC_COUNTY_IL,13
MCDONOUGH_COUNTY_IL,7
MCHENRY_COUNTY_IL,2
MCLEAN_COUNTY_IL,8
MENARD_COUNTY_IL,10
MERCER_COUNTY_IL,6
MONROE_COUNTY_IL,12
MONTGOMERY_COUNTY_IL,11
MORGAN_COUNTY_IL,10
MOULTRIE_COUNTY_IL,10
OGLE_COUNTY_IL,5
PEORIA_COUNTY_IL,7
PERRY_COUNTY_IL,13
PIATT_COUNTY_IL,9
PIKE_COUNTY_IL,10
POPE_COUNTY_IL,13
PULASKI_COUNTY_IL,13
PUTNAM_COUNTY_IL,7
RANDOLPH_COUNTY_IL,11
RICHLAND_COUNTY_IL,13
ROCK_ISLAND_COUNTY_IL,6
SALINE_COUNTY_IL,13
SANGAMON_COUNTY_IL,10
SCHUYLER_COUNTY_IL,10
SCOTT_COUNTY_IL,10
SHELBY_COUNTY_IL,10
ST_CLAIR_COUNTY_IL,12
STARK_COUNTY_IL,7
STEPHENSON_COUNTY_IL,5
TAZEWELL_COUNTY_IL,7
UNION_COUNTY_IL,13
VERMILION_COUNTY_IL,9
WABASH_COUNTY_IL,13
WARREN_COUNTY_IL,6
WASHINGTON_COUNTY_IL,11
WAYNE_COUNTY_IL,13
WHITE_COUNTY_IL,13
WHITESIDE_COUNTY_IL,6
WILL_COUNTY_IL,4
WILLIAMSON_COUNTY_IL,13
WINNEBAGO_COUNTY_IL,5
WOODFORD_COUNTY_IL,7
ADAMS_COUNTY_IN,3
ALLEN_COUNTY_IN,4
BARTHOLOMEW_COUNTY_IN,12
BENTON_COUNTY_IN,5
BLACKFORD_COUNTY_IN,8
BOONE_COUNTY_IN,10
BROWN_COUNTY_IN,13
CARROLL_COUNTY_IN,7
CASS_COUNTY_IN,6
CLARK_COUNTY_IN,16
CLAY_COUNTY_IN,9
CLINTON_COUNTY_IN,7
CRAWFORD_COUNTY_IN,16
DAVIESS_COUNTY_IN,15
DEKALB_COUNTY_IN,3
DEARBORN_COUNTY_IN,14
DECATUR_COUNTY_IN,12
DELAWARE_COUNTY_IN,8
DUBOIS_COUNTY_IN,15
ELKHART_COUNTY_IN,2
FAYETTE_COUNTY_IN,11
FLOYD_COUNTY_IN,16
FOUNTAIN_COUNTY_IN,7
FRANKLIN_COUNTY_IN,14
FULTON_COUNTY_IN,6
GIBSON_COUNTY_IN,17
GRANT_COUNTY_IN,8
GREENE_COUNTY_IN,15
HAMILTON_COUNTY_IN,10
HANCOCK_COUNTY_IN,11
HARRISON_COUNTY_IN,16
HENDRICKS_COUNTY_IN,10
HENRY_COUNTY_IN,11
HOWARD_COUNTY_IN,6
HUNTINGTON_COUNTY_IN,3
JACKSON_COUNTY_IN,12
JASPER_COUNTY_IN,5
JAY_COUNTY_IN,8
JEFFERSON_COUNTY_IN,16
JENNINGS_COUNTY_IN,12
JOHNSON_COUNTY_IN,13
KNOX_COUNTY_IN,15
KOSCIUSKO_COUNTY_IN,2
LAGRANGE_COUNTY_IN,3
LAPORTE_COUNTY_IN,1
LAKE_COUNTY_IN,1
LAWRENCE_COUNTY_IN,13
MADISON_COUNTY_IN,11
MARION_COUNTY_IN,10
MARSHALL_COUNTY_IN,2
MARTIN_COUNTY_IN,15
MIAMI_COUNTY_IN,6
MONROE_COUNTY_IN,13
MONTGOMERY_COUNTY_IN,7
MORGAN_COUNTY_IN,10
NEWTON_COUNTY_IN,5
NOBLE_COUNTY_IN,3
OHIO_COUNTY_IN,14
ORANGE_COUNTY_IN,15
OWEN_COUNTY_IN,13
PARKE_COUNTY_IN,9
PERRY_COUNTY_IN,15
PIKE_COUNTY_IN,15
PORTER_COUNTY_IN,1
POSEY_COUNTY_IN,17
PULASKI_COUNTY_IN,6
PUTNAM_COUNTY_IN,7
RANDOLPH_COUNTY_IN,8
RIPLEY_COUNTY_IN,14
RUSH_COUNTY_IN,12
SCOTT_COUNTY_IN,16
SHELBY_COUNTY_IN,10
SPENCER_COUNTY_IN,15
ST_JOSEPH_COUNTY_IN,2
STARKE_COUNTY_IN,2
STEUBEN_COUNTY_IN,3
SULLIVAN_COUNTY_IN,9
SWITZERLAND_COUNTY_IN,14
TIPPECANOE_COUNTY_IN,7
TIPTON_COUNTY_IN,7
UNION_COUNTY_IN,11
VANDERBURGH_COUNTY_IN,17
VERMILLION_COUNTY_IN,9
VIGO_COUNTY_IN,9
WABASH_COUNTY_IN,3
WARREN_COUNTY_IN,5
WARRICK_COUNTY_IN,17
WASHINGTON_COUNTY_IN,16
WAYNE_COUNTY_IN,11
WELLS_COUNTY_IN,3
WHITE_COUNTY_IN,5
WHITLEY_COUNTY_IN,3
ALLEN_COUNTY_KS,7
ANDERSON_COUNTY_KS,2
ATCHISON_COUNTY_KS,2
BARBER_COUNTY_KS,5
BARTON_COUNTY_KS,4
BOURBON_COUNTY_KS,7
BROWN_COUNTY_KS,2
BUTLER_COUNTY_KS,6
CHASE_COUNTY_KS,6
CHAUTAUQUA_COUNTY_KS,6
CHEROKEE_COUNTY_KS,7
CHEYENNE_COUNTY_KS,4
CLARK_COUNTY_KS,5
CLAY_COUNTY_KS,3
CLOUD_COUNTY_KS,3
COFFEY_COUNTY_KS,2
COMANCHE_COUNTY_KS,5
COWLEY_COUNTY_KS,6
CRAWFORD_COUNTY_KS,7
DECATUR_COUNTY_KS,4
DICKINSON_COUNTY_KS,3
DONIPHAN_COUNTY_KS,2
DOUGLAS_COUNTY_KS,2
EDWARDS_COUNTY_KS,5
ELK_COUNTY_KS,6
ELLIS_COUNTY_KS,4
ELLSWORTH_COUNTY_KS,3
FINNEY_COUNTY_KS,5
FORD_COUNTY_KS,5
FRANKLIN_COUNTY_KS,2
GEARY_COUNTY_KS,3
GOVE_COUNTY_KS,4
GRAHAM_COUNTY_KS,4
GRANT_COUNTY_KS,5
GRAY_COUNTY_KS,5
GREELEY_COUNTY_KS,4
GREENWOOD_COUNTY_KS,6
HAMILTON_COUNTY_KS,5
HARPER_COUNTY_KS,6
HARVEY_COUNTY_KS,6
HASKELL_COUNTY_KS,5
HODGEMAN_COUNTY_KS,5
JACKSON_COUNTY_KS,2
JEFFERSON_COUNTY_KS,2
JEWELL_COUNTY_KS,3
JOHNSON_COUNTY_KS,1
KEARNY_COUNTY_KS,5
KINGMAN_COUNTY_KS,6
KIOWA_COUNTY_KS,5
LABETTE_COUNTY_KS,7
LANE_COUNTY_KS,4
LEAVENWORTH_COUNTY_KS,1
LINCOLN_COUNTY_KS,3
LINN_COUNTY_KS,2
LOGAN_COUNTY_KS,4
LYON_COUNTY_KS,2
MARION_COUNTY_KS,6
MARSHALL_COUNTY_KS,2
MCPHERSON_COUNTY_KS,6
MEADE_COUNTY_KS,5
MIAMI_COUNTY_KS,1
MITCHELL_COUNTY_KS,3
MONTGOMERY_COUNTY_KS,6
MORRIS_COUNTY_KS,3
MORTON_COUNTY_KS,5
NEMAHA_COUNTY_KS,2
NEOSHO_COUNTY_KS,7
NESS_COUNTY_KS,4
NORTON_COUNTY_KS,4
OSAGE_COUNTY_KS,2
OSBORNE_COUNTY_KS,4
OTTAWA_COUNTY_KS,3
PAWNEE_COUNTY_KS,5
PHILLIPS_COUNTY_KS,4
POTTAWATOMIE_COUNTY_KS,2
PRATT_COUNTY_KS,5
RAWLINS_COUNTY_KS,4
RENO_COUNTY_KS,6
REPUBLIC_COUNTY_KS,3
RICE_COUNTY_KS,6
RILEY_COUNTY_KS,3
ROOKS_COUNTY_KS,4
RUSH_COUNTY_KS,4
RUSSELL_COUNTY_KS,4
SALINE_COUNTY_KS,3
SCOTT_COUNTY_KS,4
SEDGWICK_COUNTY_KS,6
SEWARD_COUNTY_KS,5
SHAWNEE_COUNTY_KS,2
SHERIDAN_COUNTY_KS,4
SHERMAN_COUNTY_KS,4
SMITH_COUNTY_KS,4
STAFFORD_COUNTY_KS,5
STANTON_COUNTY_KS,5
STEVENS_COUNTY_KS,5
SUMNER_COUNTY_KS,6
THOMAS_COUNTY_KS,4
TREGO_COUNTY_KS,4
WABAUNSEE_COUNTY_KS,2
WALLACE_COUNTY_KS,4
WASHINGTON_COUNTY_KS,3
WICHITA_COUNTY_KS,4
WILSON_COUNTY_KS,6
WOODSON_COUNTY_KS,7
WYANDOTTE_COUNTY_KS,1
ADAIR_COUNTY_KY,4
ALLEN_COUNTY_KY,4
ANDERSON_COUNTY_KY,5
BALLARD_COUNTY_KY,1
BARREN_COUNTY_KY,4
BATH_COUNTY_KY,7
BELL_COUNTY_KY,8
BOONE_COUNTY_KY,6
BOURBON_COUNTY_KY,5
BOYD_COUNTY_KY,7
BOYLE_COUNTY_KY,5
BRACKEN_COUNTY_KY,7
BREATHITT_COUNTY_KY,8
BRECKINRIDGE_COUNTY_KY,3
BULLITT_COUNTY_KY,3
BUTLER_COUNTY_KY,4
CALDWELL_COUNTY_KY,1
CALLOWAY_COUNTY_KY,1
CAMPBELL_COUNTY_KY,6
CARLISLE_COUNTY_KY,1
CARROLL_COUNTY_KY,3
CARTER_COUNTY_KY,7
CASEY_COUNTY_KY,4
CHRISTIAN_COUNTY_KY,2
CLARK_KY,5
CLAY_COUNTY_KY,8
CLINTON_COUNTY_KY,4
CRITTENDEN_COUNTY_KY,1
CUMBERLAND_KY,4
DAVIESS_COUNTY_KY,2
EDMONSON_COUNTY_KY,4
ELLIOTT_COUNTY_KY,7
ESTILL_COUNTY_KY,5
FAYETTE_COUNTY_KY,5
FLEMING_COUNTY_KY,7
FLOYD_COUNTY_KY,8
FRANKLIN_COUNTY_KY,5
FULTON_COUNTY_KY,1
GALLATIN_COUNTY_KY,6
GARRARD_COUNTY_KY,5
GRANT_COUNTY_KY,6
GRAVES_COUNTY_KY,1
GRAYSON_COUNTY_KY,3
GREEN_COUNTY_KY,4
GREENUP_COUNTY_KY,7
HANCOCK_COUNTY_KY,2
HARDIN_COUNTY_KY,3
HARLAN_COUNTY_KY,8
HARRISON_COUNTY_KY,5
HART_COUNTY_KY,4
HENDERSON_COUNTY_KY,2
HENRY_COUNTY_KY,3
HICKMAN_COUNTY_KY,1
HOPKINS_COUNTY_KY,2
JACKSON_COUNTY_KY,5
JEFFERSON_COUNTY_KY,3
JESSAMINE_COUNTY_KY,5
JOHNSON_COUNTY_KY,8
KENTON_COUNTY_KY,6
KNOTT_COUNTY_KY,8
KNOX_COUNTY_KY,8
LARUE_COUNTY_KY,3
LAUREL_COUNTY_KY,8
LAWRENCE_COUNTY_KY,7
LEE_COUNTY_KY,8
LESLIE_COUNTY_KY,8
LETCHER_COUNTY_KY,8
LEWIS_COUNTY_KY,7
LINCOLN_COUNTY_KY,5
LIVINGSTON_COUNTY_KY,1
LOGAN_COUNTY_KY,4
LYON_COUNTY_KY,1
MADISON_COUNTY_KY,5
MAGOFFIN_COUNTY_KY,8
MARION_COUNTY_KY,3
MARSHALL_COUNTY_KY,1
MARTIN_COUNTY_KY,8
MASON_COUNTY_KY,7
MCCRACKEN_COUNTY_KY,1
MCCREARY_COUNTY_KY,4
MCLEAN_COUNTY_KY,2
MEADE_COUNTY_KY,3
MENIFEE_COUNTY_KY,7
MERCER_COUNTY_KY,5
METCALFE_COUNTY_KY,4
MONROE_COUNTY_KY,4
MONTGOMERY_COUNTY_KY,5
MORGAN_COUNTY_KY,7
MUHLENBERG_COUNTY_KY,2
NELSON_COUNTY_KY,3
NICHOLAS_COUNTY_KY,5
OHIO_COUNTY_KY,2
OLDHAM_COUNTY_KY,3
OWEN_COUNTY_KY,5
OWSLEY_COUNTY_KY,8
PENDLETON_COUNTY_KY,6
PERRY_COUNTY_KY,8
PIKE_COUNTY_KY,8
POWELL_COUNTY_KY,5
PULASKI_COUNTY_KY,4
ROBERTSON_COUNTY_KY,7
ROCKCASTLE_COUNTY_KY,5
ROWAN_COUNTY_KY,7
RUSSELL_COUNTY_KY,4
SCOTT_COUNTY_KY,5
SHELBY_COUNTY_KY,3
SIMPSON_COUNTY_KY,4
SPENCER_COUNTY_KY,3
TAYLOR_COUNTY_KY,4
TODD_COUNTY_KY,2
TRIGG_COUNTY_KY,2
TRIMBLE_COUNTY_KY,3
UNION_COUNTY_KY,2
WARREN_COUNTY_KY,4
WASHINGTON_COUNTY_KY,3
WAYNE_COUNTY_KY,4
WEBSTER_COUNTY_KY,2
WHITLEY_COUNTY_KY,8
WOLFE_COUNTY_KY,8
WOODFORD_COUNTY_KY,5
ACADIA_PARISH_LA,3
ALLEN_PARISH_LA,4
ASCENSION_PARISH_LA,5
ASSUMPTION_PARISH_LA,2
AVOYELLES_PARISH_LA,6
BEAUREGARD_PARISH_LA,4
BIENVILLE_PARISH_LA,8
BOSSIER_PARISH_LA,8
CADDO_PARISH_LA,8
CALCASIEU_PARISH_LA,4
CALDWELL_PARISH_LA,7
CAMERON_PARISH_LA,4
CATAHOULA_PARISH_LA,6
CLAIBORNE_PARISH_LA,8
CONCORDIA_PARISH_LA,6
DE_SOTO_PARISH_LA,8
EAST_BATON_ROUGE_PARISH_LA,5
EAST_CARROLL_PARISH_LA,7
EAST_FELICIANA_PARISH_LA,5
EVANGELINE_PARISH_LA,3
FRANKLIN_PARISH_LA,7
GRANT_PARISH_LA,6
IBERIA_PARISH_LA,3
IBERVILLE_PARISH_LA,5
JACKSON_PARISH_LA,7
JEFFERSON_DAVIS_PARISH_LA,4
JEFFERSON_PARISH_LA,1
LA_SALLE_LA,6
LAFAYETTE_PARISH_LA,3
LAFOURCHE_PARISH_LA,2
LINCOLN_PARISH_LA,7
LIVINGSTON_PARISH_LA,5
MADISON_PARISH_LA,7
MOREHOUSE_PARISH_LA,7
NATCHITOCHES_PARISH_LA,8
ORLEANS_PARISH_LA,1
OUACHITA_PARISH_LA,7
PLAQUEMINES_PARISH_LA,1
POINTE_COUPEE_PARISH_LA,5
RAPIDES_PARISH_LA,6
RED_RIVER_PARISH_LA,8
RICHLAND_PARISH_LA,7
SABINE_PARISH_LA,8
ST_BERNARD_PARISH_LA,1
ST_CHARLES_PARISH_LA,1
ST_HELENA_PARISH_LA,5
ST_JAMES_PARISH_LA,1
ST_JOHN_THE_BAPTIST_PARISH_LA,1
ST_LANDRY_PARISH_LA,3
ST_MARTIN_PARISH_LA,3
ST_MARY_PARISH_LA,3
ST_TAMMANY_PARISH_LA,1
TANGIPAHOA_PARISH_LA,5
TENSAS_PARISH_LA,7
TERREBONNE_PARISH_LA,2
UNION_PARISH_LA,7
VERMILION_PARISH_LA,3
VERNON_PARISH_LA,6
WASHINGTON_PARISH_LA,5
WEBSTER_PARISH_LA,8
WEST_BATON_ROUGE_PARISH_LA,5
WEST_CARROLL_PARISH_LA,7
WEST_FELICIANA_PARISH_LA,5
WINN_PARISH_LA,6
BARNSTABLE_COUNTY_MA,7
BERKSHIRE_COUNTY_MA,1
BRISTOL_COUNTY_MA,6
DUKES_COUNTY_MA,7
ESSEX_COUNTY_MA,4
FRANKLIN_COUNTY_MA,1
HAMPDEN_COUNTY_MA,1
HAMPSHIRE_COUNTY_MA,1
MIDDLESEX_COUNTY_MA,3
NANTUCKET_COUNTY_MA,7
NORFOLK_COUNTY_MA,3
PLYMOUTH_COUNTY_MA,6
SUFFOLK_COUNTY_MA,5
WORCESTER_COUNTY_MA,2
ALLEGANY_COUNTY_MD,4
ANNE_ARUNDEL_COUNTY_MD,1
BALTIMORE_COUNTY_MD,1
BALTIMORE_CITY_MD,1
CALVERT_COUNTY_MD,2
CAROLINE_COUNTY_MD,2
CARROLL_COUNTY_MD,4
CECIL_COUNTY_MD,2
CHARLES_COUNTY_MD,2
DORCHESTER_COUNTY_MD,2
FREDERICK_COUNTY_MD,4
GARRETT_COUNTY_MD,4
HARFORD_COUNTY_MD,1
HOWARD_COUNTY_MD,1
KENT_COUNTY_MD,2
MONTGOMERY_COUNTY_MD,3
PRINCE_GEORGE_S_COUNTY_MD,3
QUEEN_ANNE_S_COUNTY_MD,2
SOMERSET_COUNTY_MD,2
ST_MARY_S_COUNTY_MD,2
TALBOT_COUNTY_MD,2
WASHINGTON_COUNTY_MD,4
WICOMICO_COUNTY_MD,2
WORCESTER_COUNTY_MD,2
ANDROSCOGGIN_COUNTY_ME,3
AROOSTOOK_COUNTY_ME,5
CUMBERLAND_COUNTY_ME,1
FRANKLIN_COUNTY_ME,3
HANCOCK_COUNTY_ME,5
KENNEBEC_COUNTY_ME,2
KNOX_COUNTY_ME,2
LINCOLN_COUNTY_ME,2
OXFORD_COUNTY_ME,2
PENOBSCOT_COUNTY_ME,4
PISCATAQUIS_COUNTY_ME,4
SAGADAHOC_COUNTY_ME,1
SOMERSET_COUNTY_ME,4
WALDO_COUNTY_ME,3
WASHINGTON_COUNTY_ME,5
YORK_COUNTY_ME,1
ALCONA_COUNTY_MI,15
ALGER_COUNTY_MI,16
ALLEGAN_COUNTY_MI,11
ALPENA_COUNTY_MI,15
ANTRIM_COUNTY_MI,14
ARENAC_COUNTY_MI,8
BARAGA_COUNTY_MI,16
BARRY_COUNTY_MI,11
BAY_COUNTY_MI,8
BENZIE_COUNTY_MI,14
BERRIEN_COUNTY_MI,9
BRANCH_COUNTY_MI,10
CALHOUN_COUNTY_MI,10
CASS_COUNTY_MI,9
CHARLEVOIX_COUNTY_MI,14
CHEBOYGAN_COUNTY_MI,15
CHIPPEWA_COUNTY_MI,15
CLARE_COUNTY_MI,13
CLINTON_COUNTY_MI,7
CRAWFORD_COUNTY_MI,15
DELTA_COUNTY_MI,16
DICKINSON_COUNTY_MI,16
EATON_COUNTY_MI,7
EMMET_COUNTY_MI,14
GENESEE_COUNTY_MI,5
GLADWIN_COUNTY_MI,13
GOGEBIC_COUNTY_MI,16
GRAND_TRAVERSE_COUNTY_MI,14
GRATIOT_COUNTY_MI,8
HILLSDALE_COUNTY_MI,7
HOUGHTON_COUNTY_MI,16
HURON_COUNTY_MI,6
INGHAM_COUNTY_MI,7
IONIA_COUNTY_MI,12
IOSCO_COUNTY_MI,15
IRON_COUNTY_MI,16
ISABELLA_COUNTY_MI,13
JACKSON_COUNTY_MI,7
KALAMAZOO_COUNTY_MI,10
KALKASKA_COUNTY_MI,14
KENT_COUNTY_MI,12
KEWEENAW_COUNTY_MI,16
LAKE_COUNTY_MI,12
LAPEER_COUNTY_MI,5
LEELANAU_COUNTY_MI,14
LENAWEE_COUNTY_MI,4
LIVINGSTON_COUNTY_MI,4
LUCE_COUNTY_MI,16
MACKINAC_COUNTY_MI,15
MACOMB_COUNTY_MI,2
MANISTEE_COUNTY_MI,14
MARQUETTE_COUNTY_MI,16
MASON_COUNTY_MI,12
MECOSTA_COUNTY_MI,12
MENOMINEE_COUNTY_MI,16
MIDLAND_COUNTY_MI,13
MISSAUKEE_COUNTY_MI,14
MONROE_COUNTY_MI,1
MONTCALM_COUNTY_MI,12
MONTMORENCY_COUNTY_MI,15
MUSKEGON_COUNTY_MI,12
NEWAYGO_COUNTY_MI,12
OAKLAND_COUNTY_MI,2
OCEANA_COUNTY_MI,12
OGEMAW_COUNTY_MI,15
ONTONAGON_COUNTY_MI,16
OSCEOLA_COUNTY_MI,12
OSCODA_COUNTY_MI,15
OTSEGO_COUNTY_MI,15
OTTAWA_COUNTY_MI,12
PRESQUE_ISLE_COUNTY_MI,15
ROSCOMMON_COUNTY_MI,15
SAGINAW_COUNTY_MI,8
SANILAC_COUNTY_MI,6
SCHOOLCRAFT_COUNTY_MI,16
SHIAWASSEE_COUNTY_MI,5
ST_CLAIR_COUNTY_MI,3
ST_JOSEPH_COUNTY_MI,9
TUSCOLA_COUNTY_MI,6
VAN_BUREN_COUNTY_MI,9
WASHTENAW_COUNTY_MI,4
WAYNE_COUNTY_MI,1
WEXFORD_COUNTY_MI,14
AITKIN_COUNTY_MN,7
ANOKA_COUNTY_MN,8
BECKER_COUNTY_MN,6
BELTRAMI_COUNTY_MN,7
BENTON_COUNTY_MN,8
BIG_STONE_COUNTY_MN,5
BLUE_EARTH_COUNTY_MN,3
BROWN_COUNTY_MN,4
CARLTON_COUNTY_MN,2
CARVER_COUNTY_MN,8
CASS_COUNTY_MN,7
CHIPPEWA_COUNTY_MN,5
CHISAGO_COUNTY_MN,7
CLAY_COUNTY_MN,6
CLEARWATER_COUNTY_MN,9
COOK_COUNTY_MN,2
COTTONWOOD_COUNTY_MN,4
CROW_WING_COUNTY_MN,7
DAKOTA_COUNTY_MN,8
DODGE_COUNTY_MN,1
DOUGLAS_COUNTY_MN,6
FARIBAULT_COUNTY_MN,3
FILLMORE_COUNTY_MN,1
FREEBORN_COUNTY_MN,1
GOODHUE_COUNTY_MN,1
GRANT_COUNTY_MN,6
HENNEPIN_COUNTY_MN,8
HOUSTON_COUNTY_MN,1
HUBBARD_COUNTY_MN,7
ISANTI_COUNTY_MN,7
ITASCA_COUNTY_MN,2
JACKSON_COUNTY_MN,4
KANABEC_COUNTY_MN,7
KANDIYOHI_COUNTY_MN,5
KITTSON_COUNTY_MN,9
KOOCHICHING_COUNTY_MN,2
LAC_QUI_PARLE_COUNTY_MN,5
LAKE_COUNTY_MN,2
LAKE_OF_THE_WOODS_COUNTY_MN,2
LE_SUEUR_COUNTY_MN,3
LINCOLN_COUNTY_MN,4
LYON_COUNTY_MN,5
MAHNOMEN_COUNTY_MN,9
MARSHALL_COUNTY_MN,9
MARTIN_COUNTY_MN,3
MCLEOD_COUNTY_MN,5
MEEKER_COUNTY_MN,5
MILLE_LACS_COUNTY_MN,7
MORRISON_COUNTY_MN,7
MOWER_COUNTY_MN,1
MURRAY_COUNTY_MN,4
NICOLLET_COUNTY_MN,3
NOBLES_COUNTY_MN,4
NORMAN_COUNTY_MN,9
OLMSTED_COUNTY_MN,1
OTTER_TAIL_COUNTY_MN,6
PENNINGTON_COUNTY_MN,9
PINE_COUNTY_MN,7
PIPESTONE_COUNTY_MN,4
POLK_COUNTY_MN,9
POPE_COUNTY_MN,6
RAMSEY_COUNTY_MN,8
RED_LAKE_COUNTY_MN,9
REDWOOD_COUNTY_MN,4
RENVILLE_COUNTY_MN,5
RICE_COUNTY_MN,3
ROCK_COUNTY_MN,4
ROSEAU_COUNTY_MN,7
SCOTT_COUNTY_MN,8
SHERBURNE_COUNTY_MN,8
SIBLEY_COUNTY_MN,5
ST_LOUIS_COUNTY_MN,2
STEARNS_COUNTY_MN,8
STEELE_COUNTY_MN,1
STEVENS_COUNTY_MN,6
SWIFT_COUNTY_MN,5
TODD_COUNTY_MN,7
TRAVERSE_COUNTY_MN,6
WABASHA_COUNTY_MN,1
WADENA_COUNTY_MN,7
WASECA_COUNTY_MN,3
WASHINGTON_COUNTY_MN,8
WATONWAN_COUNTY_MN,3
WILKIN_COUNTY_MN,6
WINONA_COUNTY_MN,1
WRIGHT_COUNTY_MN,8
YELLOW_MEDICINE_COUNTY_MN,5
ADAIR_COUNTY_MO,2
ANDREW_COUNTY_MO,1
ATCHISON_COUNTY_MO,1
AUDRAIN_COUNTY_MO,5
BARRY_COUNTY_MO,8
BARTON_COUNTY_MO,7
BATES_COUNTY_MO,4
BENTON_COUNTY_MO,4
BOLLINGER_COUNTY_MO,10
BOONE_COUNTY_MO,5
BUCHANAN_COUNTY_MO,1
BUTLER_COUNTY_MO,10
CALDWELL_COUNTY_MO,1
CALLAWAY_COUNTY_MO,5
CAMDEN_COUNTY_MO,5
CAPE_GIRARDEAU_COUNTY_MO,10
CARROLL_COUNTY_MO,1
CARTER_COUNTY_MO,9
CASS_COUNTY_MO,3
CEDAR_COUNTY_MO,8
CHARITON_COUNTY_MO,5
CHRISTIAN_COUNTY_MO,8
CLARK_COUNTY_MO,2
CLAY_COUNTY_MO,3
CLINTON_COUNTY_MO,1
COLE_COUNTY_MO,5
COOPER_COUNTY_MO,5
CRAWFORD_COUNTY_MO,9
DADE_COUNTY_MO,8
DALLAS_COUNTY_MO,8
DAVIESS_COUNTY_MO,1
DEKALB_COUNTY_MO,1
DENT_COUNTY_MO,9
DOUGLAS_COUNTY_MO,8
DUNKLIN_COUNTY_MO,10
FRANKLIN_COUNTY_MO,6
GASCONADE_COUNTY_MO,5
GENTRY_COUNTY_MO,1
GREENE_COUNTY_MO,8
GRUNDY_COUNTY_MO,1
HARRISON_COUNTY_MO,1
HENRY_COUNTY_MO,4
HICKORY_COUNTY_MO,8
HOLT_COUNTY_MO,1
HOWARD_COUNTY_MO,5
HOWELL_COUNTY_MO,9
IRON_COUNTY_MO,9
JACKSON_COUNTY_MO,3
JASPER_COUNTY_MO,7
JEFFERSON_COUNTY_MO,6
JOHNSON_COUNTY_MO,4
KNOX_COUNTY_MO,2
LACLEDE_COUNTY_MO,8
LAFAYETTE_COUNTY_MO,4
LAWRENCE_COUNTY_MO,8
LEWIS_COUNTY_MO,2
LINCOLN_COUNTY_MO,6
LINN_COUNTY_MO,2
LIVINGSTON_COUNTY_MO,1
MACON_COUNTY_MO,2
MADISON_COUNTY_MO,10
MARIES_COUNTY_MO,5
MARION_COUNTY_MO,2
MCDONALD_COUNTY_MO,7
MERCER_COUNTY_MO,1
MILLER_COUNTY_MO,5
MISSISSIPPI_COUNTY_MO,10
MONITEAU_COUNTY_MO,5
MONROE_COUNTY_MO,5
MONTGOMERY_COUNTY_MO,5
MORGAN_COUNTY_MO,5
NEW_MADRID_COUNTY_MO,10
NEWTON_COUNTY_MO,7
NODAWAY_COUNTY_MO,1
OREGON_COUNTY_MO,9
OSAGE_COUNTY_MO,5
OZARK_COUNTY_MO,8
PEMISCOT_COUNTY_MO,10
PERRY_COUNTY_MO,10
PETTIS_COUNTY_MO,4
PHELPS_COUNTY_MO,9
PIKE_COUNTY_MO,2
PLATTE_COUNTY_MO,3
POLK_COUNTY_MO,8
PULASKI_COUNTY_MO,9
PUTNAM_COUNTY_MO,2
RALLS_COUNTY_MO,2
RANDOLPH_COUNTY_MO,5
RAY_COUNTY_MO,1
REYNOLDS_COUNTY_MO,9
RIPLEY_COUNTY_MO,9
SALINE_COUNTY_MO,4
SCHUYLER_COUNTY_MO,2
SCOTLAND_COUNTY_MO,2
SCOTT_COUNTY_MO,10
SHANNON_COUNTY_MO,9
SHELBY_COUNTY_MO,2
ST_CHARLES_COUNTY_MO,6
ST_CLAIR_COUNTY_MO,4
ST_FRANCOIS_COUNTY_MO,6
ST_LOUIS_COUNTY_MO,6
ST_LOUIS_CITY_MO,6
STE_GENEVIEVE_COUNTY_MO,6
STODDARD_COUNTY_MO,10
STONE_COUNTY_MO,8
SULLIVAN_COUNTY_MO,2
TANEY_COUNTY_MO,8
TEXAS_COUNTY_MO,9
VERNON_COUNTY_MO,4
WARREN_COUNTY_MO,6
WASHINGTON_COUNTY_MO,6
WAYNE_COUNTY_MO,10
WEBSTER_COUNTY_MO,8
WORTH_COUNTY_MO,1
WRIGHT_COUNTY_MO,8
ADAMS_MS,6
ALCORN_COUNTY_MS,6
AMITE_COUNTY_MS,6
ATTALA_COUNTY_MS,6
BENTON_COUNTY_MS,2
BOLIVAR_COUNTY_MS,6
CALHOUN_COUNTY_MS,6
CARROLL_COUNTY_MS,6
CHICKASAW_COUNTY_MS,6
CHOCTAW_MS,6
CLAIBORNE_COUNTY_MS,6
CLARKE_COUNTY_MS,6
CLAY_COUNTY_MS,6
COAHOMA_COUNTY_MS,6
COPIAH_COUNTY_MS,3
COVINGTON_COUNTY_MS,6
DESOTO_COUNTY_MS,1
FORREST_COUNTY_MS,4
FRANKLIN_COUNTY_MS,6
GEORGE_COUNTY_MS,5
GREENE_COUNTY_MS,4
GRENADA_COUNTY_MS,6
HANCOCK_COUNTY_MS,5
HARRISON_COUNTY_MS,5
HINDS_COUNTY_MS,3
HOLMES_COUNTY_MS,6
HUMPHREYS_COUNTY_MS,6
ISSAQUENA_COUNTY_MS,6
ITAWAMBA_COUNTY_MS,2
JACKSON_COUNTY_MS,5
JASPER_COUNTY_MS,6
JEFFERSON_COUNTY_MS,6
JEFFERSON_DAVIS_COUNTY_MS,6
JONES_COUNTY_MS,4
KEMPER_COUNTY_MS,6
LAFAYETTE_COUNTY_MS,6
LAMAR_COUNTY_MS,4
LAUDERDALE_COUNTY_MS,6
LAWRENCE_COUNTY_MS,6
LEAKE_COUNTY_MS,6
LEE_COUNTY_MS,2
LEFLORE_COUNTY_MS,6
LINCOLN_COUNTY_MS,6
LOWNDES_COUNTY_MS,6
MADISON_COUNTY_MS,3
MARION_COUNTY_MS,6
MARSHALL_COUNTY_MS,1
MONROE_COUNTY_MS,6
MONTGOMERY_COUNTY_MS,6
NESHOBA_MS,6
NEWTON_COUNTY_MS,6
NOXUBEE_COUNTY_MS,6
OKTIBBEHA_COUNTY_MS,6
PANOLA_COUNTY_MS,6
PEARL_RIVER_COUNTY_MS,4
PERRY_COUNTY_MS,4
PIKE_COUNTY_MS,6
PONTOTOC_COUNTY_MS,2
PRENTISS_COUNTY_MS,6
QUITMAN_COUNTY_MS,6
RANKIN_COUNTY_MS,3
SCOTT_COUNTY_MS,6
SHARKEY_COUNTY_MS,6
SIMPSON_COUNTY_MS,3
SMITH_COUNTY_MS,6
STONE_COUNTY_MS,5
SUNFLOWER_COUNTY_MS,6
TALLAHATCHIE_COUNTY_MS,6
TATE_COUNTY_MS,1
TIPPAH_COUNTY_MS,2
TISHOMINGO_COUNTY_MS,6
TUNICA_COUNTY_MS,1
UNION_COUNTY_MS,2
WALTHALL_MS,6
WARREN_COUNTY_MS,3
WASHINGTON_COUNTY_MS,6
WAYNE_COUNTY_MS,6
WEBSTER_COUNTY_MS,6
WILKINSON_COUNTY_MS,6
WINSTON_COUNTY_MS,6
YALOBUSHA_COUNTY_MS,6
YAZOO_COUNTY_MS,6
BEAVERHEAD_COUNTY_MT,4
BIG_HORN_COUNTY_MT,4
BLAINE_COUNTY_MT,4
BROADWATER_COUNTY_MT,2
CARBON_COUNTY_MT,1
CARTER_COUNTY_MT,4
CASCADE_COUNTY_MT,2
CHOUTEAU_COUNTY_MT,2
CUSTER_COUNTY_MT,4
DANIELS_COUNTY_MT,4
DAWSON_COUNTY_MT,4
DEER_LODGE_COUNTY_MT,2
FALLON_COUNTY_MT,4
FERGUS_COUNTY_MT,4
FLATHEAD_COUNTY_MT,3
GALLATIN_COUNTY_MT,2
GARFIELD_COUNTY_MT,4
GLACIER_COUNTY_MT,4
GOLDEN_VALLEY_COUNTY_MT,4
GRANITE_COUNTY_MT,4
HILL_COUNTY_MT,4
JEFFERSON_COUNTY_MT,2
JUDITH_BASIN_COUNTY_MT,2
LAKE_COUNTY_MT,3
LEWIS_AND_CLARK_COUNTY_MT,2
LIBERTY_COUNTY_MT,4
LINCOLN_COUNTY_MT,4
MADISON_COUNTY_MT,4
MCCONE_COUNTY_MT,4
MEAGHER_COUNTY_MT,4
MINERAL_COUNTY_MT,4
MISSOULA_COUNTY_MT,3
MUSSELSHELL_COUNTY_MT,1
PARK_COUNTY_MT,4
PETROLEUM_COUNTY_MT,4
PHILLIPS_COUNTY_MT,4
PONDERA_COUNTY_MT,4
POWDER_RIVER_COUNTY_MT,4
POWELL_COUNTY_MT,4
PRAIRIE_COUNTY_MT,4
RAVALLI_COUNTY_MT,4
RICHLAND_COUNTY_MT,4
ROOSEVELT_COUNTY_MT,4
ROSEBUD_COUNTY_MT,4
SANDERS_COUNTY_MT,4
SHERIDAN_COUNTY_MT,4
SILVER_BOW_COUNTY_MT,2
STILLWATER_COUNTY_MT,1
SWEET_GRASS_COUNTY_MT,1
TETON_COUNTY_MT,2
TOOLE_COUNTY_MT,4
TREASURE_COUNTY_MT,4
VALLEY_COUNTY_MT,4
WHEATLAND_COUNTY_MT,4
WIBAUX_COUNTY_MT,4
YELLOWSTONE_COUNTY_MT,1
ALAMANCE_COUNTY_NC,11
ALEXANDER_COUNTY_NC,2
ALLEGHANY_COUNTY_NC,3
ANSON_COUNTY_NC,4
ASHE_COUNTY_NC,3
AVERY_COUNTY_NC,1
BEAUFORT_COUNTY_NC,16
BERTIE_COUNTY_NC,12
BLADEN_COUNTY_NC,9
BRUNSWICK_COUNTY_NC,15
BUNCOMBE_COUNTY_NC,1
BURKE_COUNTY_NC,2
CABARRUS_COUNTY_NC,4
CALDWELL_COUNTY_NC,2
CAMDEN_COUNTY_NC,12
CARTERET_COUNTY_NC,16
CASWELL_COUNTY_NC,11
CATAWBA_COUNTY_NC,2
CHATHAM_COUNTY_NC,11
CHEROKEE_COUNTY_NC,1
CHOWAN_COUNTY_NC,12
CLAY_COUNTY_NC,1
CLEVELAND_COUNTY_NC,5
COLUMBUS_COUNTY_NC,15
CRAVEN_COUNTY_NC,16
CUMBERLAND_COUNTY_NC,9
CURRITUCK_COUNTY_NC,12
DARE_COUNTY_NC,16
DAVIDSON_COUNTY_NC,6
DAVIE_COUNTY_NC,6
DUPLIN_COUNTY_NC,15
DURHAM_COUNTY_NC,11
EDGECOMBE_COUNTY_NC,14
FORSYTH_COUNTY_NC,6
FRANKLIN_COUNTY_NC,13
GASTON_COUNTY_NC,5
GATES_COUNTY_NC,12
GRAHAM_COUNTY_NC,1
GRANVILLE_COUNTY_NC,10
GREENE_COUNTY_NC,14
GUILFORD_COUNTY_NC,7
HALIFAX_COUNTY_NC,12
HARNETT_COUNTY_NC,9
HAYWOOD_COUNTY_NC,1
HENDERSON_COUNTY_NC,1
HERTFORD_COUNTY_NC,12
HOKE_COUNTY_NC,9
HYDE_COUNTY_NC,16
IREDELL_COUNTY_NC,2
JACKSON_COUNTY_NC,1
JOHNSTON_COUNTY_NC,13
JONES_COUNTY_NC,16
LEE_COUNTY_NC,11
LENOIR_COUNTY_NC,16
LINCOLN_COUNTY_NC,5
MACON_COUNTY_NC,1
MADISON_COUNTY_NC,1
MARTIN_COUNTY_NC,12
MCDOWELL_COUNTY_NC,1
MECKLENBURG_COUNTY_NC,4
MITCHELL_NC,1
MONTGOMERY_COUNTY_NC,8
MOORE_COUNTY_NC,8
NASH_COUNTY_NC,14
NEW_HANOVER_COUNTY_NC,15
NORTHAMPTON_COUNTY_NC,12
ONSLOW_COUNTY_NC,15
ORANGE_COUNTY_NC,11
PAMLICO_COUNTY_NC,16
PASQUOTANK_NC,12
PENDER_COUNTY_NC,15
PERQUIMANS_COUNTY_NC,12
PERSON_COUNTY_NC,11
PITT_COUNTY_NC,14
POLK_COUNTY_NC,1
RANDOLPH_COUNTY_NC,7
RICHMOND_COUNTY_NC,9
ROBESON_COUNTY_NC,9
ROCKINGHAM_COUNTY_NC,7
ROWAN_COUNTY_NC,4
RUTHERFORD_COUNTY_NC,1
SAMPSON_COUNTY_NC,9
SCOTLAND_COUNTY_NC,9
STANLY_COUNTY_NC,4
STOKES_COUNTY_NC,6
SURRY_COUNTY_NC,6
SWAIN_COUNTY_NC,1
TRANSYLVANIA_COUNTY_NC,1
TYRRELL_COUNTY_NC,16
UNION_COUNTY_NC,4
VANCE_COUNTY_NC,10
WAKE_COUNTY_NC,13
WARREN_COUNTY_NC,10
WASHINGTON_COUNTY_NC,16
WATAUGA_COUNTY_NC,3
WAYNE_COUNTY_NC,14
WILKES_COUNTY_NC,3
WILSON_COUNTY_NC,14
YADKIN_COUNTY_NC,6
YANCEY_COUNTY_NC,1
ADAMS_COUNTY_ND,4
BARNES_COUNTY_ND,4
BENSON_COUNTY_ND,4
BILLINGS_COUNTY_ND,4
BOTTINEAU_COUNTY_ND,4
BOWMAN_COUNTY_ND,4
BURKE_COUNTY_ND,4
BURLEIGH_COUNTY_ND,1
CASS_COUNTY_ND,2
CAVALIER_COUNTY_ND,4
DICKEY_COUNTY_ND,4
DIVIDE_COUNTY_ND,4
DUNN_COUNTY_ND,4
EDDY_COUNTY_ND,4
EMMONS_COUNTY_ND,4
FOSTER_COUNTY_ND,4
GOLDEN_VALLEY_COUNTY_ND,4
GRAND_FORKS_COUNTY_ND,3
GRANT_COUNTY_ND,4
GRIGGS_COUNTY_ND,4
HETTINGER_COUNTY_ND,4
KIDDER_COUNTY_ND,4
LAMOURE_COUNTY_ND,4
LOGAN_COUNTY_ND,4
MCHENRY_COUNTY_ND,4
MCINTOSH_COUNTY_ND,4
MCKENZIE_COUNTY_ND,4
MCLEAN_COUNTY_ND,4
MERCER_COUNTY_ND,4
MORTON_COUNTY_ND,1
MOUNTRAIL_COUNTY_ND,4
NELSON_COUNTY_ND,4
OLIVER_COUNTY_ND,4
PEMBINA_COUNTY_ND,4
PIERCE_COUNTY_ND,4
RAMSEY_COUNTY_ND,4
RANSOM_COUNTY_ND,4
RENVILLE_COUNTY_ND,4
RICHLAND_COUNTY_ND,4
ROLETTE_COUNTY_ND,4
SARGENT_COUNTY_ND,4
SHERIDAN_COUNTY_ND,4
SIOUX_COUNTY_ND,4
SLOPE_COUNTY_ND,4
STARK_COUNTY_ND,4
STEELE_COUNTY_ND,4
STUTSMAN_COUNTY_ND,4
TOWNER_COUNTY_ND,4
TRAILL_COUNTY_ND,4
WALSH_COUNTY_ND,4
WARD_COUNTY_ND,4
WELLS_COUNTY_ND,4
WILLIAMS_COUNTY_ND,4
ADAMS_COUNTY_NE,3
ANTELOPE_COUNTY_NE,3
ARTHUR_COUNTY_NE,4
BANNER_COUNTY_NE,4
BLAINE_COUNTY_NE,3
BOONE_COUNTY_NE,3
BOX_BUTTE_COUNTY_NE,4
BOYD_COUNTY_NE,3
BROWN_COUNTY_NE,4
BUFFALO_COUNTY_NE,3
BURT_COUNTY_NE,1
BUTLER_COUNTY_NE,3
CASS_COUNTY_NE,2
CEDAR_COUNTY_NE,3
CHASE_COUNTY_NE,4
CHERRY_COUNTY_NE,4
CHEYENNE_COUNTY_NE,4
CLAY_COUNTY_NE,3
COLFAX_COUNTY_NE,3
CUMING_COUNTY_NE,3
CUSTER_COUNTY_NE,4
DAKOTA_COUNTY_NE,3
DAWES_COUNTY_NE,4
DAWSON_COUNTY_NE,3
DEUEL_NE,4
DIXON_COUNTY_NE,3
DODGE_COUNTY_NE,3
DOUGLAS_COUNTY_NE,1
DUNDY_COUNTY_NE,4
FILLMORE_COUNTY_NE,2
FRANKLIN_COUNTY_NE,3
FRONTIER_COUNTY_NE,4
FURNAS_COUNTY_NE,3
GAGE_COUNTY_NE,2
GARDEN_COUNTY_NE,4
GARFIELD_COUNTY_NE,3
GOSPER_COUNTY_NE,4
GRANT_COUNTY_NE,4
GREELEY_COUNTY_NE,3
HALL_COUNTY_NE,3
HAMILTON_COUNTY_NE,3
HARLAN_COUNTY_NE,3
HAYES_COUNTY_NE,4
HITCHCOCK_COUNTY_NE,4
HOLT_COUNTY_NE,3
HOOKER_COUNTY_NE,4
HOWARD_COUNTY_NE,3
JEFFERSON_COUNTY_NE,2
JOHNSON_COUNTY_NE,2
KEARNEY_COUNTY_NE,3
KEITH_COUNTY_NE,4
KEYA_PAHA_COUNTY_NE,3
KIMBALL_COUNTY_NE,4
KNOX_COUNTY_NE,3
LANCASTER_COUNTY_NE,2
LINCOLN_COUNTY_NE,4
LOGAN_NE,4
LOUP_COUNTY_NE,3
MADISON_COUNTY_NE,3
MCPHERSON_COUNTY_NE,4
MERRICK_COUNTY_NE,3
MORRILL_COUNTY_NE,4
NANCE_COUNTY_NE,3
NEMAHA_COUNTY_NE,2
NUCKOLLS_COUNTY_NE,3
OTOE_COUNTY_NE,2
PAWNEE_COUNTY_NE,2
PERKINS_COUNTY_NE,4
PHELPS_COUNTY_NE,3
PIERCE_COUNTY_NE,3
PLATTE_COUNTY_NE,3
POLK_COUNTY_NE,3
RED_WILLOW_COUNTY_NE,4
RICHARDSON_COUNTY_NE,2
ROCK_COUNTY_NE,3
SALINE_COUNTY_NE,2
SARPY_COUNTY_NE,1
SAUNDERS_COUNTY_NE,1
SCOTTS_BLUFF_COUNTY_NE,4
SEWARD_COUNTY_NE,2
SHERIDAN_COUNTY_NE,4
SHERMAN_COUNTY_NE,3
SIOUX_COUNTY_NE,4
STANTON_COUNTY_NE,3
THAYER_COUNTY_NE,2
THOMAS_COUNTY_NE,4
THURSTON_COUNTY_NE,1
VALLEY_COUNTY_NE,3
WASHINGTON_COUNTY_NE,1
WAYNE_COUNTY_NE,3
WEBSTER_COUNTY_NE,3
WHEELER_COUNTY_NE,3
YORK_COUNTY_NE,2
BELKNAP_COUNTY_NH,1
CARROLL_COUNTY_NH,1
CHESHIRE_COUNTY_NH,1
COOS_COUNTY_NH,1
GRAFTON_COUNTY_NH,1
HILLSBOROUGH_COUNTY_NH,1
MERRIMACK_COUNTY_NH,1
ROCKINGHAM_COUNTY_NH,1
STRAFFORD_COUNTY_NH,1
SULLIVAN_COUNTY_NH,1
ATLANTIC_COUNTY_NJ,1
BERGEN_COUNTY_NJ,1
BURLINGTON_COUNTY_NJ,1
CAMDEN_COUNTY_NJ,1
CAPE_MAY_COUNTY_NJ,1
CUMBERLAND_COUNTY_NJ,1
ESSEX_COUNTY_NJ,1
GLOUCESTER_COUNTY_NJ,1
HUDSON_COUNTY_NJ,1
HUNTERDON_COUNTY_NJ,1
MERCER_COUNTY_NJ,1
MIDDLESEX_COUNTY_NJ,1
MONMOUTH_COUNTY_NJ,1
MORRIS_COUNTY_NJ,1
OCEAN_COUNTY_NJ,1
PASSAIC_COUNTY_NJ,1
SALEM_COUNTY_NJ,1
SOMERSET_COUNTY_NJ,1
SUSSEX_COUNTY_NJ,1
UNION_COUNTY_NJ,1
WARREN_COUNTY_NJ,1
BERNALILLO_COUNTY_NM,1
CATRON_COUNTY_NM,5
CHAVES_COUNTY_NM,5
CIBOLA_COUNTY_NM,5
COLFAX_COUNTY_NM,5
CURRY_COUNTY_NM,5
DE_BACA_COUNTY_NM,5
DONA_ANA_NM,3
EDDY_COUNTY_NM,5
GRANT_COUNTY_NM,5
GUADALUPE_COUNTY_NM,5
HARDING_COUNTY_NM,5
HIDALGO_COUNTY_NM,5
LEA_COUNTY_NM,5
LINCOLN_COUNTY_NM,5
LOS_ALAMOS_NM,5
LUNA_COUNTY_NM,5
MCKINLEY_COUNTY_NM,5
MORA_COUNTY_NM,5
OTERO_COUNTY_NM,5
QUAY_COUNTY_NM,5
RIO_ARRIBA_COUNTY_NM,5
ROOSEVELT_COUNTY_NM,5
SAN_JUAN_COUNTY_NM,2
SAN_MIGUEL_COUNTY_NM,5
SANDOVAL_COUNTY_NM,1
SANTA_FE_COUNTY_NM,4
SIERRA_COUNTY_NM,5
SOCORRO_COUNTY_NM,5
TAOS_COUNTY_NM,5
TORRANCE_COUNTY_NM,1
UNION_COUNTY_NM,5
VALENCIA_COUNTY_NM,1
CARSON_CITY_NV,3
CHURCHILL_NV,4
CLARK_COUNTY_NV,1
DOUGLAS_COUNTY_NV,3
ELKO_COUNTY_NV,4
ESMERALDA_COUNTY_NV,4
EUREKA_COUNTY_NV,4
HUMBOLDT_COUNTY_NV,4
LANDER_COUNTY_NV,4
LINCOLN_COUNTY_NV,4
LYON_COUNTY_NV,3
MINERAL_COUNTY_NV,4
NYE_COUNTY_NV,1
PERSHING_COUNTY_NV,4
STOREY_COUNTY_NV,3
WASHOE_COUNTY_NV,2
WHITE_PINE_COUNTY_NV,4
ALBANY_COUNTY_NY,1
ALLEGANY_COUNTY_NY,2
BRONX_COUNTY_NY,4
BROOME_COUNTY_NY,6
CATTARAUGUS_COUNTY_NY,2
CAYUGA_COUNTY_NY,6
CHAUTAUQUA_COUNTY_NY,2
CHEMUNG_COUNTY_NY,6
CHENANGO_COUNTY_NY,7
CLINTON_COUNTY_NY,7
COLUMBIA_COUNTY_NY,1
CORTLAND_COUNTY_NY,6
DELAWARE_COUNTY_NY,3
DUTCHESS_COUNTY_NY,3
ERIE_COUNTY_NY,2
ESSEX_COUNTY_NY,7
FRANKLIN_COUNTY_NY,7
FULTON_COUNTY_NY,1
GENESEE_COUNTY_NY,2
GREENE_COUNTY_NY,1
HAMILTON_COUNTY_NY,7
HERKIMER_COUNTY_NY,7
JEFFERSON_COUNTY_NY,7
KINGS_COUNTY_NY,4
LEWIS_COUNTY_NY,7
LIVINGSTON_COUNTY_NY,5
MADISON_COUNTY_NY,7
MONROE_COUNTY_NY,5
MONTGOMERY_COUNTY_NY,1
NASSAU_COUNTY_NY,8
NEW_YORK_COUNTY_NY,4
NIAGARA_COUNTY_NY,2
ONEIDA_COUNTY_NY,7
ONONDAGA_COUNTY_NY,6
ONTARIO_COUNTY_NY,5
ORANGE_COUNTY_NY,3
ORLEANS_COUNTY_NY,2
OSWEGO_COUNTY_NY,7
OTSEGO_COUNTY_NY,7
PUTNAM_COUNTY_NY,3
QUEENS_COUNTY_NY,4
RENSSELAER_COUNTY_NY,1
RICHMOND_COUNTY_NY,4
ROCKLAND_COUNTY_NY,4
SARATOGA_COUNTY_NY,1
SCHENECTADY_COUNTY_NY,1
SCHOHARIE_COUNTY_NY,1
SCHUYLER_COUNTY_NY,6
SENECA_COUNTY_NY,5
ST_LAWRENCE_COUNTY_NY,7
STEUBEN_COUNTY_NY,6
SUFFOLK_COUNTY_NY,8
SULLIVAN_COUNTY_NY,3
TIOGA_COUNTY_NY,6
TOMPKINS_COUNTY_NY,6
ULSTER_COUNTY_NY,3
WARREN_COUNTY_NY,1
WASHINGTON_COUNTY_NY,1
WAYNE_COUNTY_NY,5
WESTCHESTER_COUNTY_NY,4
WYOMING_COUNTY_NY,2
YATES_COUNTY_NY,5
ADAMS_COUNTY_OH,5
ALLEN_COUNTY_OH,2
ASHLAND_COUNTY_OH,12
ASHTABULA_COUNTY_OH,11
ATHENS_COUNTY_OH,17
AUGLAIZE_COUNTY_OH,2
BELMONT_COUNTY_OH,16
BROWN_COUNTY_OH,5
BUTLER_COUNTY_OH,4
CARROLL_COUNTY_OH,15
CHAMPAIGN_COUNTY_OH,3
CLARK_COUNTY_OH,3
CLERMONT_COUNTY_OH,5
CLINTON_COUNTY_OH,5
COLUMBIANA_COUNTY_OH,13
COSHOCTON_COUNTY_OH,16
CRAWFORD_COUNTY_OH,7
CUYAHOGA_COUNTY_OH,11
DARKE_COUNTY_OH,3
DEFIANCE_COUNTY_OH,1
DELAWARE_COUNTY_OH,9
ERIE_COUNTY_OH,6
FAIRFIELD_COUNTY_OH,9
FAYETTE_COUNTY_OH,9
FRANKLIN_COUNTY_OH,9
FULTON_COUNTY_OH,1
GALLIA_COUNTY_OH,10
GEAUGA_COUNTY_OH,11
GREENE_COUNTY_OH,3
GUERNSEY_COUNTY_OH,16
HAMILTON_COUNTY_OH,4
HANCOCK_COUNTY_OH,2
HARDIN_COUNTY_OH,2
HARRISON_COUNTY_OH,16
HENRY_COUNTY_OH,1
HIGHLAND_COUNTY_OH,5
HOCKING_COUNTY_OH,17
HOLMES_COUNTY_OH,14
HURON_COUNTY_OH,6
JACKSON_COUNTY_OH,10
JEFFERSON_COUNTY_OH,16
KNOX_COUNTY_OH,9
LAKE_COUNTY_OH,11
LAWRENCE_COUNTY_OH,10
LICKING_COUNTY_OH,9
LOGAN_COUNTY_OH,9
LORAIN_COUNTY_OH,11
LUCAS_COUNTY_OH,1
MADISON_COUNTY_OH,9
MAHONING_COUNTY_OH,13
MARION_COUNTY_OH,8
MEDINA_COUNTY_OH,12
MEIGS_COUNTY_OH,17
MERCER_COUNTY_OH,2
MIAMI_COUNTY_OH,3
MONROE_COUNTY_OH,16
MONTGOMERY_COUNTY_OH,3
MORGAN_COUNTY_OH,16
MORROW_COUNTY_OH,8
MUSKINGUM_COUNTY_OH,16
NOBLE_COUNTY_OH,16
OTTAWA_COUNTY_OH,6
PAULDING_COUNTY_OH,2
PERRY_COUNTY_OH,16
PICKAWAY_COUNTY_OH,9
PIKE_COUNTY_OH,10
PORTAGE_COUNTY_OH,12
PREBLE_COUNTY_OH,3
PUTNAM_COUNTY_OH,2
RICHLAND_COUNTY_OH,7
ROSS_COUNTY_OH,10
SANDUSKY_COUNTY_OH,6
SCIOTO_COUNTY_OH,10
SENECA_COUNTY_OH,6
SHELBY_COUNTY_OH,3
STARK_COUNTY_OH,15
SUMMIT_COUNTY_OH,12
TRUMBULL_COUNTY_OH,13
TUSCARAWAS_COUNTY_OH,16
UNION_COUNTY_OH,9
VAN_WERT_COUNTY_OH,2
VINTON_COUNTY_OH,10
WARREN_COUNTY_OH,4
WASHINGTON_COUNTY_OH,17
WAYNE_COUNTY_OH,14
WILLIAMS_COUNTY_OH,1
WOOD_COUNTY_OH,1
WYANDOT_COUNTY_OH,6
ADAIR_COUNTY_OK,5
ALFALFA_COUNTY_OK,5
ATOKA_COUNTY_OK,5
BEAVER_COUNTY_OK,5
BECKHAM_COUNTY_OK,5
BLAINE_COUNTY_OK,5
BRYAN_COUNTY_OK,5
CADDO_COUNTY_OK,5
CANADIAN_COUNTY_OK,3
CARTER_COUNTY_OK,5
CHEROKEE_COUNTY_OK,5
CHOCTAW_COUNTY_OK,5
CIMARRON_COUNTY_OK,5
CLEVELAND_COUNTY_OK,3
COAL_COUNTY_OK,5
COMANCHE_COUNTY_OK,2
COTTON_COUNTY_OK,5
CRAIG_COUNTY_OK,5
CREEK_COUNTY_OK,4
CUSTER_COUNTY_OK,5
DELAWARE_COUNTY_OK,5
DEWEY_COUNTY_OK,5
ELLIS_COUNTY_OK,5
GARFIELD_COUNTY_OK,5
GARVIN_COUNTY_OK,5
GRADY_COUNTY_OK,3
GRANT_COUNTY_OK,5
GREER_COUNTY_OK,5
HARMON_COUNTY_OK,5
HARPER_COUNTY_OK,5
HASKELL_COUNTY_OK,5
HUGHES_COUNTY_OK,5
JACKSON_COUNTY_OK,5
JEFFERSON_COUNTY_OK,5
JOHNSTON_COUNTY_OK,5
KAY_COUNTY_OK,5
KINGFISHER_COUNTY_OK,5
KIOWA_COUNTY_OK,5
LATIMER_COUNTY_OK,5
LE_FLORE_COUNTY_OK,1
LINCOLN_COUNTY_OK,3
LOGAN_COUNTY_OK,3
LOVE_COUNTY_OK,5
MAJOR_COUNTY_OK,5
MARSHALL_COUNTY_OK,5
MAYES_COUNTY_OK,5
MCCLAIN_COUNTY_OK,3
MCCURTAIN_COUNTY_OK,5
MCINTOSH_COUNTY_OK,5
MURRAY_COUNTY_OK,5
MUSKOGEE_COUNTY_OK,5
NOBLE_COUNTY_OK,5
NOWATA_COUNTY_OK,5
OKFUSKEE_COUNTY_OK,5
OKLAHOMA_COUNTY_OK,3
OKMULGEE_COUNTY_OK,4
OSAGE_COUNTY_OK,4
OTTAWA_COUNTY_OK,5
PAWNEE_COUNTY_OK,4
PAYNE_COUNTY_OK,5
PITTSBURG_COUNTY_OK,5
PONTOTOC_COUNTY_OK,5
POTTAWATOMIE_COUNTY_OK,5
PUSHMATAHA_COUNTY_OK,5
ROGER_MILLS_COUNTY_OK,5
ROGERS_COUNTY_OK,4
SEMINOLE_COUNTY_OK,5
SEQUOYAH_COUNTY_OK,1
STEPHENS_COUNTY_OK,5
TEXAS_COUNTY_OK,5
TILLMAN_COUNTY_OK,5
TULSA_COUNTY_OK,4
WAGONER_COUNTY_OK,4
WASHINGTON_COUNTY_OK,5
WASHITA_COUNTY_OK,5
WOODS_COUNTY_OK,5
WOODWARD_COUNTY_OK,5
BAKER_COUNTY_OR,6
BENTON_COUNTY_OR,2
CLACKAMAS_COUNTY_OR,1
CLATSOP_COUNTY_OR,5
COLUMBIA_COUNTY_OR,5
COOS_COUNTY_OR,5
CROOK_COUNTY_OR,6
CURRY_COUNTY_OR,5
DESCHUTES_COUNTY_OR,4
DOUGLAS_COUNTY_OR,7
GILLIAM_COUNTY_OR,6
GRANT_COUNTY_OR,6
HARNEY_COUNTY_OR,6
HOOD_RIVER_COUNTY_OR,6
JACKSON_COUNTY_OR,7
JEFFERSON_COUNTY_OR,6
JOSEPHINE_COUNTY_OR,7
KLAMATH_COUNTY_OR,4
LAKE_COUNTY_OR,4
LANE_COUNTY_OR,2
LINCOLN_COUNTY_OR,5
LINN_COUNTY_OR,2
MALHEUR_COUNTY_OR,6
MARION_COUNTY_OR,3
MORROW_COUNTY_OR,6
MULTNOMAH_COUNTY_OR,1
POLK_COUNTY_OR,3
SHERMAN_COUNTY_OR,6
TILLAMOOK_COUNTY_OR,5
UMATILLA_COUNTY_OR,6
UNION_COUNTY_OR,6
WALLOWA_COUNTY_OR,6
WASCO_COUNTY_OR,6
WASHINGTON_COUNTY_OR,1
WHEELER_COUNTY_OR,6
YAMHILL_COUNTY_OR,1
ADAMS_COUNTY_PA,7
ALLEGHENY_COUNTY_PA,4
ARMSTRONG_COUNTY_PA,4
BEAVER_COUNTY_PA,4
BEDFORD_COUNTY_PA,5
BERKS_COUNTY_PA,7
BLAIR_COUNTY_PA,5
BRADFORD_COUNTY_PA,3
BUCKS_COUNTY_PA,8
BUTLER_COUNTY_PA,4
CAMBRIA_COUNTY_PA,5
CAMERON_COUNTY_PA,2
CARBON_COUNTY_PA,3
CENTRE_COUNTY_PA,6
CHESTER_COUNTY_PA,8
CLARION_COUNTY_PA,1
CLEARFIELD_COUNTY_PA,5
CLINTON_COUNTY_PA,3
COLUMBIA_COUNTY_PA,6
CRAWFORD_COUNTY_PA,1
CUMBERLAND_COUNTY_PA,9
DAUPHIN_COUNTY_PA,9
DELAWARE_COUNTY_PA,8
ELK_COUNTY_PA,2
ERIE_COUNTY_PA,1
FAYETTE_COUNTY_PA,4
FOREST_COUNTY_PA,1
FRANKLIN_COUNTY_PA,9
FULTON_COUNTY_PA,9
GREENE_COUNTY_PA,4
HUNTINGDON_COUNTY_PA,5
INDIANA_COUNTY_PA,4
JEFFERSON_COUNTY_PA,5
JUNIATA_COUNTY_PA,9
LACKAWANNA_COUNTY_PA,3
LANCASTER_COUNTY_PA,7
LAWRENCE_COUNTY_PA,4
LEBANON_COUNTY_PA,9
LEHIGH_COUNTY_PA,6
LUZERNE_COUNTY_PA,3
LYCOMING_COUNTY_PA,3
MCKEAN_COUNTY_PA,1
MERCER_COUNTY_PA,1
MIFFLIN_COUNTY_PA,6
MONROE_COUNTY_PA,3
MONTGOMERY_COUNTY_PA,8
MONTOUR_COUNTY_PA,6
NORTHAMPTON_COUNTY_PA,6
NORTHUMBERLAND_COUNTY_PA,6
PERRY_COUNTY_PA,9
PHILADELPHIA_COUNTY_PA,8
PIKE_COUNTY_PA,3
POTTER_COUNTY_PA,2
SCHUYLKILL_COUNTY_PA,6
SNYDER_COUNTY_PA,6
SOMERSET_COUNTY_PA,5
SULLIVAN_COUNTY_PA,3
SUSQUEHANNA_COUNTY_PA,3
TIOGA_COUNTY_PA,3
UNION_COUNTY_PA,6
VENANGO_COUNTY_PA,1
WARREN_COUNTY_PA,1
WASHINGTON_COUNTY_PA,4
WAYNE_COUNTY_PA,3
WESTMORELAND_COUNTY_PA,4
WYOMING_COUNTY_PA,3
YORK_COUNTY_PA,7
ADJUNTAS_MUNICIPIO_PR,1
AGUADA_MUNICIPIO_PR,1
AGUADILLA_MUNICIPIO_PR,1
AGUAS_BUENAS_MUNICIPIO_PR,1
AIBONITO_MUNICIPIO_PR,1
ANASCO_MUNICIPIO_PR,1
ARECIBO_MUNICIPIO_PR,1
ARROYO_MUNICIPIO_PR,1
BARCELONETA_MUNICIPIO_PR,1
BARRANQUITAS_MUNICIPIO_PR,1
BAYAMON_MUNICIPIO_PR,1
CABO_ROJO_MUNICIPIO_PR,1
CAGUAS_MUNICIPIO_PR,1
CAMUY_MUNICIPIO_PR,1
CANOVANAS_MUNICIPIO_PR,1
CAROLINA_MUNICIPIO_PR,1
CATANO_MUNICIPIO_PR,1
CAYEY_MUNICIPIO_PR,1
CEIBA_MUNICIPIO_PR,1
CIALES_MUNICIPIO_PR,1
CIDRA_MUNICIPIO_PR,1
COAMO_MUNICIPIO_PR,1
COMERIO_MUNICIPIO_PR,1
COROZAL_MUNICIPIO_PR,1
CULEBRA_MUNICIPIO_PR,1
DORADO_MUNICIPIO_PR,1
FAJARDO_MUNICIPIO_PR,1
FLORIDA_MUNICIPIO_PR,1
GUANICA_MUNICIPIO_PR,1
GUAYAMA_MUNICIPIO_PR,1
GUAYANILLA_MUNICIPIO_PR,1
GUAYNABO_MUNICIPIO_PR,1
GURABO_MUNICIPIO_PR,1
HATILLO_MUNICIPIO_PR,1
HORMIGUEROS_MUNICIPIO_PR,1
HUMACAO_MUNICIPIO_PR,1
ISABELA_MUNICIPIO_PR,1
JAYUYA_MUNICIPIO_PR,1
JUANA_DIAZ_MUNICIPIO_PR,1
JUNCOS_MUNICIPIO_PR,1
LAJAS_MUNICIPIO_PR,1
LARES_MUNICIPIO_PR,1
LAS_MARIAS_MUNICIPIO_PR,1
LAS_PIEDRAS_MUNICIPIO_PR,1
LOIZA_MUNICIPIO_PR,1
LUQUILLO_MUNICIPIO_PR,1
MANATI_MUNICIPIO_PR,1
MARICAO_MUNICIPIO_PR,1
MAUNABO_MUNICIPIO_PR,1
MAYAGUEZ_MUNICIPIO_PR,1
MOCA_MUNICIPIO_PR,1
MOROVIS_MUNICIPIO_PR,1
NAGUABO_MUNICIPIO_PR,1
NARANJITO_MUNICIPIO_PR,1
OROCOVIS_MUNICIPIO_PR,1
PATILLAS_MUNICIPIO_PR,1
PENUELAS_MUNICIPIO_PR,1
PONCE_MUNICIPIO_PR,1
QUEBRADILLAS_MUNICIPIO_PR,1
RINCON_MUNICIPIO_PR,1
RIO_GRANDE_MUNICIPIO_PR,1
SABANA_GRANDE_MUNICIPIO_PR,1
SALINAS_MUNICIPIO_PR,1
SAN_GERMAN_MUNICIPIO_PR,1
SAN_JUAN_MUNICIPIO_PR,1
SAN_LORENZO_MUNICIPIO_PR,1
SAN_SEBASTIAN_MUNICIPIO_PR,1
SANTA_ISABEL_MUNICIPIO_PR,1
TOA_ALTA_MUNICIPIO_PR,1
TOA_BAJA_MUNICIPIO_PR,1
TRUJILLO_ALTO_MUNICIPIO_PR,1
UTUADO_MUNICIPIO_PR,1
VEGA_ALTA_MUNICIPIO_PR,1
VEGA_BAJA_MUNICIPIO_PR,1
VIEQUES_MUNICIPIO_PR,1
VILLALBA_MUNICIPIO_PR,1
YABUCOA_MUNICIPIO_PR,1
YAUCO_MUNICIPIO_PR,1
BRISTOL_COUNTY_RI,1
KENT_COUNTY_RI,1
NEWPORT_COUNTY_RI,1
PROVIDENCE_COUNTY_RI,1
WASHINGTON_COUNTY_RI,1
ABBEVILLE_COUNTY_SC,1
AIKEN_COUNTY_SC,2
ALLENDALE_COUNTY_SC,3
ANDERSON_COUNTY_SC,4
BAMBERG_COUNTY_SC,5
BARNWELL_COUNTY_SC,6
BEAUFORT_COUNTY_SC,7
BERKELEY_COUNTY_SC,8
CALHOUN_COUNTY_SC,9
CHARLESTON_COUNTY_SC,10
CHEROKEE_COUNTY_SC,11
CHESTER_COUNTY_SC,12
CHESTERFIELD_COUNTY_SC,13
CLARENDON_COUNTY_SC,14
COLLETON_COUNTY_SC,15
DARLINGTON_COUNTY_SC,16
DILLON_COUNTY_SC,17
DORCHESTER_COUNTY_SC,18
EDGEFIELD_COUNTY_SC,19
FAIRFIELD_COUNTY_SC,20
FLORENCE_COUNTY_SC,21
GEORGETOWN_COUNTY_SC,22
GREENVILLE_COUNTY_SC,23
GREENWOOD_COUNTY_SC,24
HAMPTON_COUNTY_SC,25
HORRY_COUNTY_SC,26
JASPER_COUNTY_SC,27
KERSHAW_COUNTY_SC,28
LANCASTER_COUNTY_SC,29
LAURENS_COUNTY_SC,30
LEE_COUNTY_SC,31
LEXINGTON_COUNTY_SC,32
MARION_COUNTY_SC,34
MARLBORO_COUNTY_SC,35
MCCORMICK_COUNTY_SC,33
NEWBERRY_COUNTY_SC,36
OCONEE_COUNTY_SC,37
ORANGEBURG_COUNTY_SC,38
PICKENS_COUNTY_SC,39
RICHLAND_COUNTY_SC,40
SALUDA_COUNTY_SC,41
SPARTANBURG_COUNTY_SC,42
SUMTER_COUNTY_SC,43
UNION_COUNTY_SC,44
WILLIAMSBURG_COUNTY_SC,45
YORK_COUNTY_SC,46
AURORA_COUNTY_SD,4
BEADLE_COUNTY_SD,3
BENNETT_COUNTY_SD,1
BON_HOMME_COUNTY_SD,4
BROOKINGS_COUNTY_SD,3
BROWN_COUNTY_SD,3
BRULE_COUNTY_SD,4
BUFFALO_COUNTY_SD,4
BUTTE_COUNTY_SD,1
CAMPBELL_COUNTY_SD,3
CHARLES_MIX_COUNTY_SD,4
CLARK_COUNTY_SD,3
CLAY_COUNTY_SD,2
CODINGTON_COUNTY_SD,3
CORSON_COUNTY_SD,1
CUSTER_COUNTY_SD,1
DAVISON_COUNTY_SD,4
DAY_COUNTY_SD,3
DEUEL_COUNTY_SD,3
DEWEY_COUNTY_SD,1
DOUGLAS_COUNTY_SD,4
EDMUNDS_COUNTY_SD,3
FALL_RIVER_COUNTY_SD,1
FAULK_COUNTY_SD,3
GRANT_COUNTY_SD,3
GREGORY_COUNTY_SD,1
HAAKON_COUNTY_SD,1
HAMLIN_COUNTY_SD,3
HAND_COUNTY_SD,4
HANSON_COUNTY_SD,4
HARDING_COUNTY_SD,1
HUGHES_COUNTY_SD,4
HUTCHINSON_COUNTY_SD,4
HYDE_COUNTY_SD,4
JACKSON_COUNTY_SD,1
JERAULD_COUNTY_SD,4
JONES_COUNTY_SD,1
KINGSBURY_COUNTY_SD,3
LAKE_COUNTY_SD,2
LAWRENCE_COUNTY_SD,1
LINCOLN_COUNTY_SD,2
LYMAN_COUNTY_SD,1
MARSHALL_COUNTY_SD,3
MCCOOK_COUNTY_SD,2
MCPHERSON_COUNTY_SD,3
MEADE_COUNTY_SD,1
MELLETTE_COUNTY_SD,1
MINER_COUNTY_SD,4
MINNEHAHA_COUNTY_SD,2
MOODY_COUNTY_SD,2
PENNINGTON_COUNTY_SD,1
PERKINS_COUNTY_SD,1
POTTER_COUNTY_SD,3
ROBERTS_COUNTY_SD,3
SANBORN_COUNTY_SD,4
SPINK_COUNTY_SD,3
STANLEY_COUNTY_SD,1
SULLY_COUNTY_SD,4
TODD_COUNTY_SD,1
TRIPP_COUNTY_SD,1
TURNER_COUNTY_SD,2
UNION_COUNTY_SD,2
WALWORTH_COUNTY_SD,3
YANKTON_COUNTY_SD,4
ZIEBACH_COUNTY_SD,1
ANDERSON_COUNTY_TN,2
BEDFORD_COUNTY_TN,8
BENTON_COUNTY_TN,5
BLEDSOE_COUNTY_TN,3
BLOUNT_COUNTY_TN,2
BRADLEY_COUNTY_TN,3
CAMPBELL_COUNTY_TN,2
CANNON_COUNTY_TN,7
CARROLL_COUNTY_TN,5
CARTER_COUNTY_TN,1
CHEATHAM_COUNTY_TN,4
CHESTER_COUNTY_TN,5
CLAIBORNE_COUNTY_TN,2
CLAY_COUNTY_TN,7
COCKE_COUNTY_TN,2
COFFEE_COUNTY_TN,8
CROCKETT_COUNTY_TN,5
CUMBERLAND_COUNTY_TN,7
DAVIDSON_COUNTY_TN,4
DEKALB_COUNTY_TN,7
DECATUR_COUNTY_TN,5
DICKSON_COUNTY_TN,8
DYER_COUNTY_TN,5
FAYETTE_COUNTY_TN,6
FENTRESS_COUNTY_TN,7
FRANKLIN_COUNTY_TN,3
GIBSON_COUNTY_TN,5
GILES_COUNTY_TN,8
GRAINGER_COUNTY_TN,2
GREENE_COUNTY_TN,1
GRUNDY_COUNTY_TN,3
HAMBLEN_COUNTY_TN,2
HAMILTON_COUNTY_TN,3
HANCOCK_COUNTY_TN,1
HARDEMAN_COUNTY_TN,5
HARDIN_COUNTY_TN,5
HAWKINS_COUNTY_TN,1
HAYWOOD_COUNTY_TN,6
HENDERSON_COUNTY_TN,5
HENRY_COUNTY_TN,5
HICKMAN_COUNTY_TN,8
HOUSTON_COUNTY_TN,8
HUMPHREYS_COUNTY_TN,8
JACKSON_COUNTY_TN,7
JEFFERSON_COUNTY_TN,2
JOHNSON_COUNTY_TN,1
KNOX_COUNTY_TN,2
LAKE_COUNTY_TN,5
LAUDERDALE_COUNTY_TN,6
LAWRENCE_COUNTY_TN,8
LEWIS_COUNTY_TN,8
LINCOLN_COUNTY_TN,8
LOUDON_COUNTY_TN,2
MACON_COUNTY_TN,7
MADISON_COUNTY_TN,5
MARION_COUNTY_TN,3
MARSHALL_COUNTY_TN,8
MAURY_COUNTY_TN,8
MCMINN_COUNTY_TN,3
MCNAIRY_COUNTY_TN,5
MEIGS_COUNTY_TN,3
MONROE_COUNTY_TN,2
MONTGOMERY_COUNTY_TN,4
MOORE_COUNTY_TN,8
MORGAN_COUNTY_TN,2
OBION_COUNTY_TN,5
OVERTON_COUNTY_TN,7
PERRY_COUNTY_TN,8
PICKETT_COUNTY_TN,7
POLK_COUNTY_TN,3
PUTNAM_COUNTY_TN,7
RHEA_COUNTY_TN,3
ROANE_COUNTY_TN,2
ROBERTSON_COUNTY_TN,4
RUTHERFORD_COUNTY_TN,4
SCOTT_COUNTY_TN,2
SEQUATCHIE_COUNTY_TN,3
SEVIER_COUNTY_TN,2
SHELBY_COUNTY_TN,6
SMITH_COUNTY_TN,7
STEWART_COUNTY_TN,8
SULLIVAN_COUNTY_TN,1
SUMNER_COUNTY_TN,4
TIPTON_COUNTY_TN,6
TROUSDALE_COUNTY_TN,4
UNICOI_COUNTY_TN,1
UNION_COUNTY_TN,2
VAN_BUREN_COUNTY_TN,7
WARREN_COUNTY_TN,7
WASHINGTON_COUNTY_TN,1
WAYNE_COUNTY_TN,8
WEAKLEY_COUNTY_TN,5
WHITE_COUNTY_TN,7
WILLIAMSON_COUNTY_TN,4
WILSON_COUNTY_TN,4
ANDERSON_COUNTY_TX,21
ANDREWS_COUNTY_TX,16
ANGELINA_COUNTY_TX,4
ARANSAS_COUNTY_TX,7
ARCHER_COUNTY_TX,24
ARMSTRONG_COUNTY_TX,2
ATASCOSA_COUNTY_TX,18
AUSTIN_COUNTY_TX,26
BAILEY_COUNTY_TX,14
BANDERA_COUNTY_TX,18
BASTROP_COUNTY_TX,3
BAYLOR_TX,24
BEE_COUNTY_TX,7
BELL_COUNTY_TX,11
BEXAR_COUNTY_TX,18
BLANCO_COUNTY_TX,3
BORDEN_COUNTY_TX,16
BOSQUE_COUNTY_TX,23
BOWIE_COUNTY_TX,20
BRAZORIA_COUNTY_TX,26
BRAZOS_COUNTY_TX,6
BREWSTER_COUNTY_TX,9
BRISCOE_COUNTY_TX,2
BROOKS_COUNTY_TX,15
BROWN_COUNTY_TX,1
BURLESON_COUNTY_TX,6
BURNET_COUNTY_TX,3
CALDWELL_COUNTY_TX,3
CALHOUN_COUNTY_TX,22
CALLAHAN_COUNTY_TX,1
CAMERON_COUNTY_TX,5
CAMP_COUNTY_TX,20
CARSON_COUNTY_TX,2
CASS_COUNTY_TX,20
CASTRO_COUNTY_TX,2
CHAMBERS_COUNTY_TX,27
CHEROKEE_COUNTY_TX,21
CHILDRESS_COUNTY_TX,2
CLAY_COUNTY_TX,24
COCHRAN_COUNTY_TX,14
COKE_COUNTY_TX,17
COLEMAN_COUNTY_TX,1
COLLIN_COUNTY_TX,8
COLLINGSWORTH_COUNTY_TX,2
COLORADO_COUNTY_TX,26
COMAL_COUNTY_TX,18
COMANCHE_COUNTY_TX,1
CONCHO_COUNTY_TX,17
COOKE_COUNTY_TX,19
CORYELL_COUNTY_TX,11
COTTLE_COUNTY_TX,24
CRANE_COUNTY_TX,16
CROCKETT_COUNTY_TX,17
CROSBY_COUNTY_TX,14
CULBERSON_COUNTY_TX,9
DALLAM_COUNTY_TX,2
DALLAS_COUNTY_TX,8
DAWSON_COUNTY_TX,16
DEWITT_COUNTY_TX,22
DEAF_SMITH_COUNTY_TX,2
DELTA_COUNTY_TX,20
DENTON_COUNTY_TX,25
DICKENS_COUNTY_TX,14
DIMMIT_COUNTY_TX,18
DONLEY_COUNTY_TX,2
DUVAL_COUNTY_TX,12
EASTLAND_COUNTY_TX,1
ECTOR_COUNTY_TX,16
EDWARDS_COUNTY_TX,18
EL_PASO_COUNTY_TX,9
ELLIS_COUNTY_TX,8
ERATH_COUNTY_TX,25
FALLS_COUNTY_TX,23
FANNIN_COUNTY_TX,19
FAYETTE_COUNTY_TX,3
FISHER_COUNTY_TX,1
FLOYD_COUNTY_TX,14
FOARD_COUNTY_TX,24
FORT_BEND_COUNTY_TX,26
FRANKLIN_COUNTY_TX,20
FREESTONE_COUNTY_TX,23
FRIO_COUNTY_TX,18
GAINES_COUNTY_TX,16
GALVESTON_COUNTY_TX,10
GARZA_COUNTY_TX,14
GILLESPIE_COUNTY_TX,18
GLASSCOCK_COUNTY_TX,16
GOLIAD_COUNTY_TX,22
GONZALES_COUNTY_TX,18
GRAY_COUNTY_TX,2
GRAYSON_COUNTY_TX,19
GREGG_COUNTY_TX,13
GRIMES_COUNTY_TX,6
GUADALUPE_COUNTY_TX,18
HALE_COUNTY_TX,14
HALL_COUNTY_TX,2
HAMILTON_COUNTY_TX,11
HANSFORD_COUNTY_TX,2
HARDEMAN_TX,24
HARDIN_COUNTY_TX,4
HARRIS_COUNTY_TX,10
HARRISON_COUNTY_TX,13
HARTLEY_COUNTY_TX,2
HASKELL_COUNTY_TX,1
HAYS_COUNTY_TX,3
HEMPHILL_TX,2
HENDERSON_COUNTY_TX,21
HIDALGO_COUNTY_TX,15
HILL_COUNTY_TX,23
HOCKLEY_COUNTY_TX,14
HOOD_COUNTY_TX,25
HOPKINS_COUNTY_TX,20
HOUSTON_COUNTY_TX,4
HOWARD_COUNTY_TX,16
HUDSPETH_COUNTY_TX,9
HUNT_COUNTY_TX,8
HUTCHINSON_COUNTY_TX,2
IRION_COUNTY_TX,17
JACK_COUNTY_TX,24
JACKSON_COUNTY_TX,22
JASPER_COUNTY_TX,4
JEFF_DAVIS_COUNTY_TX,9
JEFFERSON_COUNTY_TX,4
JIM_HOGG_TX,12
JIM_WELLS_COUNTY_TX,7
JOHNSON_COUNTY_TX,25
JONES_COUNTY_TX,1
KARNES_COUNTY_TX,22
KAUFMAN_COUNTY_TX,8
KENDALL_COUNTY_TX,18
KENEDY_COUNTY_TX,5
KENT_COUNTY_TX,1
KERR_COUNTY_TX,18
KIMBLE_TX,17
KING_COUNTY_TX,14
KINNEY_COUNTY_TX,18
KLEBERG_COUNTY_TX,7
KNOX_COUNTY_TX,24
LA_SALLE_COUNTY_TX,18
LAMAR_COUNTY_TX,20
LAMB_COUNTY_TX,14
LAMPASAS_COUNTY_TX,11
LAVACA_COUNTY_TX,22
LEE_COUNTY_TX,3
LEON_COUNTY_TX,6
LIBERTY_COUNTY_TX,27
LIMESTONE_COUNTY_TX,23
LIPSCOMB_COUNTY_TX,2
LIVE_OAK_COUNTY_TX,7
LLANO_COUNTY_TX,3
LOVING_COUNTY_TX,16
LUBBOCK_COUNTY_TX,14
LYNN_COUNTY_TX,14
MADISON_COUNTY_TX,6
MARION_COUNTY_TX,13
MARTIN_COUNTY_TX,16
MASON_COUNTY_TX,17
MATAGORDA_COUNTY_TX,26
MAVERICK_COUNTY_TX,18
MCCULLOCH_COUNTY_TX,17
MCLENNAN_COUNTY_TX,23
MCMULLEN_COUNTY_TX,12
MEDINA_COUNTY_TX,18
MENARD_COUNTY_TX,17
MIDLAND_COUNTY_TX,16
MILAM_COUNTY_TX,6
MILLS_COUNTY_TX,11
MITCHELL_COUNTY_TX,1
MONTAGUE_COUNTY_TX,24
MONTGOMERY_COUNTY_TX,27
MOORE_COUNTY_TX,2
MORRIS_COUNTY_TX,20
MOTLEY_COUNTY_TX,14
NACOGDOCHES_COUNTY_TX,4
NAVARRO_COUNTY_TX,8
NEWTON_COUNTY_TX,4
NOLAN_COUNTY_TX,1
NUECES_COUNTY_TX,7
OCHILTREE_COUNTY_TX,2
OLDHAM_COUNTY_TX,2
ORANGE_COUNTY_TX,4
PALO_PINTO_COUNTY_TX,25
PANOLA_COUNTY_TX,13
PARKER_COUNTY_TX,25
PARMER_COUNTY_TX,2
PECOS_COUNTY_TX,16
POLK_COUNTY_TX,4
POTTER_COUNTY_TX,2
PRESIDIO_COUNTY_TX,9
RAINS_COUNTY_TX,21
RANDALL_COUNTY_TX,2
REAGAN_TX,17
REAL_COUNTY_TX,18
RED_RIVER_COUNTY_TX,20
REEVES_COUNTY_TX,16
REFUGIO_COUNTY_TX,7
ROBERTS_COUNTY_TX,2
ROBERTSON_COUNTY_TX,6
ROCKWALL_COUNTY_TX,8
RUNNELS_COUNTY_TX,1
RUSK_COUNTY_TX,13
SABINE_COUNTY_TX,4
SAN_AUGUSTINE_COUNTY_TX,4
SAN_JACINTO_COUNTY_TX,4
SAN_PATRICIO_COUNTY_TX,7
SAN_SABA_COUNTY_TX,11
SCHLEICHER_COUNTY_TX,17
SCURRY_COUNTY_TX,1
SHACKELFORD_COUNTY_TX,1
SHELBY_COUNTY_TX,4
SHERMAN_COUNTY_TX,2
SMITH_COUNTY_TX,21
SOMERVELL_COUNTY_TX,25
STARR_COUNTY_TX,15
STEPHENS_COUNTY_TX,1
STERLING_COUNTY_TX,17
STONEWALL_COUNTY_TX,1
SUTTON_COUNTY_TX,17
SWISHER_COUNTY_TX,2
TARRANT_COUNTY_TX,25
TAYLOR_COUNTY_TX,1
TERRELL_COUNTY_TX,16
TERRY_COUNTY_TX,14
THROCKMORTON_COUNTY_TX,1
TITUS_COUNTY_TX,20
TOM_GREEN_COUNTY_TX,17
TRAVIS_COUNTY_TX,3
TRINITY_COUNTY_TX,4
TYLER_COUNTY_TX,4
UPSHUR_COUNTY_TX,13
UPTON_COUNTY_TX,16
UVALDE_COUNTY_TX,18
VAL_VERDE_COUNTY_TX,18
VAN_ZANDT_COUNTY_TX,21
VICTORIA_COUNTY_TX,22
WALKER_COUNTY_TX,27
WALLER_COUNTY_TX,26
WARD_COUNTY_TX,16
WASHINGTON_COUNTY_TX,6
WEBB_COUNTY_TX,12
WHARTON_COUNTY_TX,26
WHEELER_COUNTY_TX,2
WICHITA_COUNTY_TX,24
WILBARGER_COUNTY_TX,24
WILLACY_COUNTY_TX,5
WILLIAMSON_COUNTY_TX,3
WILSON_COUNTY_TX,18
WINKLER_COUNTY_TX,16
WISE_COUNTY_TX,25
WOOD_COUNTY_TX,21
YOAKUM_COUNTY_TX,14
YOUNG_COUNTY_TX,24
ZAPATA_COUNTY_TX,12
ZAVALA_COUNTY_TX,18
BEAVER_COUNTY_UT,6
BOX_ELDER_COUNTY_UT,2
CACHE_COUNTY_UT,1
CARBON_COUNTY_UT,6
DAGGETT_COUNTY_UT,6
DAVIS_COUNTY_UT,3
DUCHESNE_COUNTY_UT,6
EMERY_COUNTY_UT,6
GARFIELD_COUNTY_UT,6
GRAND_COUNTY_UT,6
IRON_COUNTY_UT,5
JUAB_COUNTY_UT,6
KANE_COUNTY_UT,6
MILLARD_COUNTY_UT,6
MORGAN_COUNTY_UT,2
PIUTE_COUNTY_UT,6
RICH_COUNTY_UT,1
SALT_LAKE_COUNTY_UT,3
SAN_JUAN_COUNTY_UT,6
SANPETE_COUNTY_UT,6
SEVIER_COUNTY_UT,6
SUMMIT_COUNTY_UT,3
TOOELE_COUNTY_UT,3
UINTAH_COUNTY_UT,6
UTAH_COUNTY_UT,4
WASATCH_COUNTY_UT,3
WASHINGTON_COUNTY_UT,5
WAYNE_COUNTY_UT,6
WEBER_COUNTY_UT,2
ACCOMACK_COUNTY_VA,12
ALBEMARLE_COUNTY_VA,2
ALEXANDRIA_CITY_VA,10
ALLEGHANY_COUNTY_VA,12
AMELIA_COUNTY_VA,7
AMHERST_COUNTY_VA,6
APPOMATTOX_COUNTY_VA,6
ARLINGTON_COUNTY_VA,10
AUGUSTA_COUNTY_VA,12
BATH_COUNTY_VA,12
BEDFORD_COUNTY_VA,6
BLAND_COUNTY_VA,12
BOTETOURT_COUNTY_VA,8
BRISTOL_CITY_VA,5
BRUNSWICK_COUNTY_VA,12
BUCHANAN_COUNTY_VA,12
BUCKINGHAM_COUNTY_VA,12
BUENA_VISTA_CITY_VA,12
CAMPBELL_COUNTY_VA,6
CAROLINE_COUNTY_VA,7
CARROLL_COUNTY_VA,12
CHARLES_CITY_COUNTY_VA,7
CHARLOTTE_COUNTY_VA,12
CHARLOTTESVILLE_CITY_VA,2
CHESAPEAKE_CITY_VA,9
CHESTERFIELD_COUNTY_VA,7
CLARKE_COUNTY_VA,10
COLONIAL_HEIGHTS_CITY_VA,7
COVINGTON_CITY_VA,12
CRAIG_COUNTY_VA,8
CULPEPER_COUNTY_VA,12
CUMBERLAND_COUNTY_VA,7
DANVILLE_CITY_VA,3
DICKENSON_COUNTY_VA,12
DINWIDDIE_COUNTY_VA,7
EMPORIA_CITY_VA,12
ESSEX_COUNTY_VA,12
FAIRFAX_COUNTY_VA,10
FAIRFAX_CITY_VA,10
FALLS_CHURCH_CITY_VA,10
FAUQUIER_COUNTY_VA,10
FLOYD_COUNTY_VA,12
FLUVANNA_COUNTY_VA,2
FRANKLIN_COUNTY_VA,8
FRANKLIN_CITY_VA,12
FREDERICK_COUNTY_VA,11
FREDERICKSBURG_CITY_VA,10
GALAX_CITY_VA,12
GILES_COUNTY_VA,1
GLOUCESTER_COUNTY_VA,9
GOOCHLAND_COUNTY_VA,7
GRAYSON_COUNTY_VA,12
GREENE_COUNTY_VA,2
GREENSVILLE_COUNTY_VA,12
HALIFAX_COUNTY_VA,12
HAMPTON_CITY_VA,9
HANOVER_COUNTY_VA,7
HARRISONBURG_CITY_VA,4
HENRICO_COUNTY_VA,7
HENRY_COUNTY_VA,12
HIGHLAND_COUNTY_VA,12
HOPEWELL_CITY_VA,7
ISLE_OF_WIGHT_COUNTY_VA,9
JAMES_CITY_COUNTY_VA,9
KING_GEORGE_COUNTY_VA,12
KING_WILLIAM_COUNTY_VA,7
KING_AND_QUEEN_COUNTY_VA,7
LANCASTER_COUNTY_VA,12
LEE_COUNTY_VA,12
LEXINGTON_CITY_VA,12
LOUDOUN_COUNTY_VA,10
LOUISA_COUNTY_VA,7
LUNENBURG_COUNTY_VA,12
LYNCHBURG_CITY_VA,6
MADISON_COUNTY_VA,12
MANASSAS_PARK_CITY_VA,10
MANASSAS_CITY_VA,10
MARTINSVILLE_CITY_VA,12
MATHEWS_COUNTY_VA,9
MECKLENBURG_COUNTY_VA,12
MIDDLESEX_COUNTY_VA,12
MONTGOMERY_COUNTY_VA,1
NELSON_COUNTY_VA,2
NEW_KENT_COUNTY_VA,7
NEWPORT_NEWS_CITY_VA,9
NORFOLK_CITY_VA,9
NORTHAMPTON_COUNTY_VA,12
NORTHUMBERLAND_COUNTY_VA,12
NORTON_CITY_VA,12
NOTTOWAY_COUNTY_VA,12
ORANGE_COUNTY_VA,12
PAGE_COUNTY_VA,12
PATRICK_COUNTY_VA,12
PETERSBURG_CITY_VA,7
PITTSYLVANIA_COUNTY_VA,3
POQUOSON_CITY_VA,9
PORTSMOUTH_CITY_VA,9
POWHATAN_COUNTY_VA,7
PRINCE_EDWARD_COUNTY_VA,12
PRINCE_GEORGE_COUNTY_VA,7
PRINCE_WILLIAM_COUNTY_VA,10
PULASKI_COUNTY_VA,1
RADFORD_CITY_VA,1
RAPPAHANNOCK_COUNTY_VA,12
RICHMOND_COUNTY_VA,12
RICHMOND_CITY_VA,7
ROANOKE_COUNTY_VA,8
ROANOKE_CITY_VA,8
ROCKBRIDGE_COUNTY_VA,12
ROCKINGHAM_COUNTY_VA,4
RUSSELL_COUNTY_VA,12
SALEM_CITY_VA,8
SCOTT_COUNTY_VA,5
SHENANDOAH_COUNTY_VA,12
SMYTH_COUNTY_VA,12
SOUTHAMPTON_COUNTY_VA,12
SPOTSYLVANIA_COUNTY_VA,10
STAFFORD_COUNTY_VA,10
STAUNTON_CITY_VA,12
SUFFOLK_CITY_VA,9
SURRY_COUNTY_VA,9
SUSSEX_COUNTY_VA,7
TAZEWELL_COUNTY_VA,12
VIRGINIA_BEACH_CITY_VA,9
WARREN_COUNTY_VA,10
WASHINGTON_COUNTY_VA,5
WAYNESBORO_CITY_VA,12
WESTMORELAND_COUNTY_VA,12
WILLIAMSBURG_CITY_VA,9
WINCHESTER_CITY_VA,11
WISE_COUNTY_VA,12
WYTHE_COUNTY_VA,12
YORK_COUNTY_VA,9
ST_CROIX_ISLAND_VI,1
ST_JOHN_ISLAND_VI,1
ST_THOMAS_ISLAND_VI,1
ADDISON_COUNTY_VT,1
BENNINGTON_COUNTY_VT,1
CALEDONIA_COUNTY_VT,1
CHITTENDEN_COUNTY_VT,1
ESSEX_COUNTY_VT,1
FRANKLIN_COUNTY_VT,1
GRAND_ISLE_COUNTY_VT,1
LAMOILLE_COUNTY_VT,1
ORANGE_COUNTY_VT,1
ORLEANS_COUNTY_VT,1
RUTLAND_COUNTY_VT,1
WASHINGTON_COUNTY_VT,1
WINDHAM_COUNTY_VT,1
WINDSOR_COUNTY_VT,1
ADAMS_COUNTY_WA,5
ASOTIN_COUNTY_WA,5
BENTON_COUNTY_WA,5
CHELAN_COUNTY_WA,5
CLALLAM_COUNTY_WA,2
CLARK_COUNTY_WA,3
COLUMBIA_COUNTY_WA,5
COWLITZ_COUNTY_WA,2
DOUGLAS_COUNTY_WA,5
FERRY_COUNTY_WA,4
FRANKLIN_COUNTY_WA,5
GARFIELD_COUNTY_WA,5
GRANT_COUNTY_WA,5
GRAYS_HARBOR_COUNTY_WA,2
ISLAND_COUNTY_WA,2
JEFFERSON_COUNTY_WA,2
KING_COUNTY_WA,1
KITSAP_COUNTY_WA,2
KITTITAS_COUNTY_WA,5
KLICKITAT_COUNTY_WA,3
LEWIS_COUNTY_WA,2
LINCOLN_COUNTY_WA,4
MASON_COUNTY_WA,2
OKANOGAN_COUNTY_WA,5
PACIFIC_COUNTY_WA,2
PEND_OREILLE_COUNTY_WA,4
PIERCE_COUNTY_WA,2
SAN_JUAN_COUNTY_WA,2
SKAGIT_COUNTY_WA,2
SKAMANIA_COUNTY_WA,3
SNOHOMISH_COUNTY_WA,2
SPOKANE_COUNTY_WA,4
STEVENS_COUNTY_WA,4
THURSTON_COUNTY_WA,2
WAHKIAKUM_COUNTY_WA,2
WALLA_WALLA_COUNTY_WA,5
WHATCOM_COUNTY_WA,2
WHITMAN_COUNTY_WA,5
YAKIMA_COUNTY_WA,5
ADAMS_COUNTY_WI,15
ASHLAND_COUNTY_WI,5
BARRON_COUNTY_WI,8
BAYFIELD_COUNTY_WI,5
BROWN_COUNTY_WI,16
BUFFALO_COUNTY_WI,6
BURNETT_COUNTY_WI,5
CALUMET_COUNTY_WI,11
CHIPPEWA_COUNTY_WI,4
CLARK_COUNTY_WI,8
COLUMBIA_COUNTY_WI,14
CRAWFORD_COUNTY_WI,7
DANE_COUNTY_WI,2
DODGE_COUNTY_WI,11
DOOR_COUNTY_WI,16
DOUGLAS_COUNTY_WI,5
DUNN_COUNTY_WI,4
EAU_CLAIRE_COUNTY_WI,4
FLORENCE_COUNTY_WI,13
FOND_DU_LAC_COUNTY_WI,11
FOREST_COUNTY_WI,13
GRANT_COUNTY_WI,7
GREEN_COUNTY_WI,14
GREEN_LAKE_COUNTY_WI,15
IOWA_COUNTY_WI,7
IRON_COUNTY_WI,13
JACKSON_COUNTY_WI,6
JEFFERSON_COUNTY_WI,14
JUNEAU_COUNTY_WI,15
KENOSHA_COUNTY_WI,9
KEWAUNEE_COUNTY_WI,16
LA_CROSSE_COUNTY_WI,6
LAFAYETTE_COUNTY_WI,7
LANGLADE_COUNTY_WI,13
LINCOLN_COUNTY_WI,10
MANITOWOC_COUNTY_WI,16
MARATHON_COUNTY_WI,10
MARINETTE_COUNTY_WI,16
MARQUETTE_COUNTY_WI,15
MENOMINEE_COUNTY_WI,16
MILWAUKEE_COUNTY_WI,1
MONROE_COUNTY_WI,6
OCONTO_COUNTY_WI,16
ONEIDA_COUNTY_WI,13
OUTAGAMIE_COUNTY_WI,11
OZAUKEE_COUNTY_WI,12
PEPIN_COUNTY_WI,4
PIERCE_COUNTY_WI,3
POLK_COUNTY_WI,3
PORTAGE_COUNTY_WI,10
PRICE_COUNTY_WI,8
RACINE_COUNTY_WI,9
RICHLAND_COUNTY_WI,15
ROCK_COUNTY_WI,14
RUSK_COUNTY_WI,8
SAUK_COUNTY_WI,15
SAWYER_COUNTY_WI,5
SHAWANO_COUNTY_WI,16
SHEBOYGAN_COUNTY_WI,11
ST_CROIX_COUNTY_WI,3
TAYLOR_COUNTY_WI,8
TREMPEALEAU_COUNTY_WI,6
VERNON_COUNTY_WI,7
VILAS_COUNTY_WI,13
WALWORTH_COUNTY_WI,14
WASHBURN_COUNTY_WI,5
WASHINGTON_COUNTY_WI,12
WAUKESHA_COUNTY_WI,12
WAUPACA_COUNTY_WI,11
WAUSHARA_COUNTY_WI,11
WINNEBAGO_COUNTY_WI,11
WOOD_COUNTY_WI,10
BARBOUR_COUNTY_WV,9
BERKELEY_COUNTY_WV,6
BOONE_COUNTY_WV,3
BRAXTON_COUNTY_WV,1
BROOKE_COUNTY_WV,11
CABELL_COUNTY_WV,5
CALHOUN_COUNTY_WV,1
CLAY_COUNTY_WV,1
DODDRIDGE_COUNTY_WV,8
FAYETTE_COUNTY_WV,1
GILMER_COUNTY_WV,8
GRANT_COUNTY_WV,7
GREENBRIER_COUNTY_WV,1
HAMPSHIRE_COUNTY_WV,7
HANCOCK_COUNTY_WV,11
HARDY_COUNTY_WV,7
HARRISON_COUNTY_WV,9
JACKSON_COUNTY_WV,10
JEFFERSON_COUNTY_WV,6
KANAWHA_COUNTY_WV,2
LEWIS_COUNTY_WV,8
LINCOLN_COUNTY_WV,3
LOGAN_COUNTY_WV,3
MARION_COUNTY_WV,8
MARSHALL_COUNTY_WV,11
MASON_COUNTY_WV,5
MCDOWELL_COUNTY_WV,3
MERCER_COUNTY_WV,4
MINERAL_COUNTY_WV,7
MINGO_COUNTY_WV,3
MONONGALIA_COUNTY_WV,8
MONROE_COUNTY_WV,4
MORGAN_COUNTY_WV,7
NICHOLAS_COUNTY_WV,1
OHIO_COUNTY_WV,11
PENDLETON_COUNTY_WV,7
PLEASANTS_COUNTY_WV,10
POCAHONTAS_COUNTY_WV,9
PRESTON_COUNTY_WV,9
PUTNAM_COUNTY_WV,5
RALEIGH_COUNTY_WV,4
RANDOLPH_COUNTY_WV,9
RITCHIE_COUNTY_WV,10
ROANE_COUNTY_WV,1
SUMMERS_COUNTY_WV,4
TAYLOR_COUNTY_WV,9
TUCKER_COUNTY_WV,9
TYLER_COUNTY_WV,10
UPSHUR_COUNTY_WV,9
WAYNE_COUNTY_WV,5
WEBSTER_COUNTY_WV,9
WETZEL_COUNTY_WV,8
WIRT_COUNTY_WV,10
WOOD_COUNTY_WV,10
WYOMING_COUNTY_WV,3
ALBANY_COUNTY_WY,3
BIG_HORN_COUNTY_WY,3
CAMPBELL_COUNTY_WY,3
CARBON_COUNTY_WY,3
CONVERSE_COUNTY_WY,3
CROOK_COUNTY_WY,3
FREMONT_COUNTY_WY,3
GOSHEN_COUNTY_WY,3
HOT_SPRINGS_COUNTY_WY,3
JOHNSON_COUNTY_WY,3
LARAMIE_COUNTY_WY,2
LINCOLN_COUNTY_WY,3
NATRONA_COUNTY_WY,1
NIOBRARA_COUNTY_WY,3
PARK_COUNTY_WY,3
PLATTE_COUNTY_WY,3
SHERIDAN_COUNTY_WY,3
SUBLETTE_COUNTY_WY,3
SWEETWATER_COUNTY_WY,3
TETON_COUNTY_WY,3
UINTA_COUNTY_WY,3
WASHAKIE_COUNTY_WY,3
WESTON_COUNTY_WY,3
