location,rating_area
995,1
996,2
997,2
998,3
999,3
CALHOUN_COUNTY_AL,1
LEE_COUNTY_AL,2
BIBB_COUNTY_AL,3
BLOUNT_COUNTY_AL,3
CHILTON_COUNTY_AL,3
JEFFERSON_COUNTY_AL,3
ST_CLAIR_COUNTY_AL,3
SHELBY_COUNTY_AL,3
WALKER_COUNTY_AL,3
RUSSELL_COUNTY_AL,4
LAWRENCE_COUNTY_AL,5
MORGAN_COUNTY_AL,5
GENEVA_COUNTY_AL,6
HENRY_COUNTY_AL,6
HOUSTON_COUNTY_AL,6
COLBERT_COUNTY_AL,7
LAUDERDALE_COUNTY_AL,7
ETOWAH_COUNTY_AL,8
LIMESTONE_COUNTY_AL,9
MADISON_COUNTY_AL,9
MOBILE_COUNTY_AL,10
AUTAUGA_COUNTY_AL,11
ELMORE_COUNTY_AL,11
LOWNDES_COUNTY_AL,11
MONTGOMERY_COUNTY_AL,11
GREENE_COUNTY_AL,12
HALE_COUNTY_AL,12
TUSCALOOSA_COUNTY_AL,12
BALDWIN_COUNTY_AL,13
BARBOUR_COUNTY_AL,13
BULLOCK_COUNTY_AL,13
BUTLER_COUNTY_AL,13
CHAMBERS_COUNTY_AL,13
CHEROKEE_COUNTY_AL,13
CHOCTAW_COUNTY_AL,13
CLARKE_COUNTY_AL,13
CLAY_COUNTY_AL,13
CLEBURNE_COUNTY_AL,13
COFFEE_COUNTY_AL,13
CONECUH_COUNTY_AL,13
COOSA_COUNTY_AL,13
COVINGTON_COUNTY_AL,13
CRENSHAW_COUNTY_AL,13
CULLMAN_COUNTY_AL,13
DALLAS_COUNTY_AL,13
DEKALB_COUNTY_AL,13
ESCAMBIA_COUNTY_AL,13
FAYETTE_COUNTY_AL,13
FRANKLIN_COUNTY_AL,13
JACKSON_COUNTY_AL,13
LAMAR_COUNTY_AL,13
MACON_COUNTY_AL,13
MARION_COUNTY_AL,13
MARENGO_COUNTY_AL,13
MARSHALL_COUNTY_AL,13
MONROE_COUNTY_AL,13
PERRY_COUNTY_AL,13
PICKENS_COUNTY_AL,13
PIKE_COUNTY_AL,13
RANDOLPH_COUNTY_AL,13
SUMTER_COUNTY_AL,13
TALLADEGA_COUNTY_AL,13
TALLAPOOSA_COUNTY_AL,13
WASHINGTON_COUNTY_AL,13
WILCOX_COUNTY_AL,13
WINSTON_COUNTY_AL,13
CLEBURNE_COUNTY_AR,1
LONOKE_COUNTY_AR,1
PULASKI_COUNTY_AR,1
YELL_COUNTY_AR,1
CONWAY_COUNTY_AR,1
PERRY_COUNTY_AR,1
SALINE_COUNTY_AR,1
FAULKNER_COUNTY_AR,1
POPE_COUNTY_AR,1
VAN_BUREN_COUNTY_AR,1
GRANT_COUNTY_AR,1
PRAIRIE_COUNTY_AR,1
WHITE_COUNTY_AR,1
CLAY_COUNTY_AR,2
FULTON_COUNTY_AR,2
JACKSON_COUNTY_AR,2
RANDOLPH_COUNTY_AR,2
WOODRUFF_COUNTY_AR,2
CRAIGHEAD_COUNTY_AR,2
GREENE_COUNTY_AR,2
LAWRENCE_COUNTY_AR,2
SHARP_COUNTY_AR,2
CRITTENDEN_COUNTY_AR,2
INDEPENDENCE_COUNTY_AR,2
MISSISSIPPI_COUNTY_AR,2
ST_FRANCIS_COUNTY_AR,2
CROSS_COUNTY_AR,2
IZARD_COUNTY_AR,2
POINSETT_COUNTY_AR,2
STONE_COUNTY_AR,2
BAXTER_COUNTY_AR,3
MADISON_COUNTY_AR,3
WASHINGTON_COUNTY_AR,3
BENTON_COUNTY_AR,3
MARION_COUNTY_AR,3
BOONE_COUNTY_AR,3
NEWTON_COUNTY_AR,3
CARROLL_COUNTY_AR,3
SEARCY_COUNTY_AR,3
CLARK_COUNTY_AR,4
PIKE_COUNTY_AR,4
GARLAND_COUNTY_AR,4
HOT_SPRING_COUNTY_AR,4
MONTGOMERY_COUNTY_AR,4
ARKANSAS_COUNTY_AR,5
CLEVELAND_COUNTY_AR,5
JEFFERSON_COUNTY_AR,5
PHILLIPS_COUNTY_AR,5
ASHLEY_COUNTY_AR,5
DALLAS_COUNTY_AR,5
LEE_COUNTY_AR,5
BRADLEY_COUNTY_AR,5
DESHA_COUNTY_AR,5
LINCOLN_COUNTY_AR,5
CHICOT_COUNTY_AR,5
DREW_COUNTY_AR,5
MONROE_COUNTY_AR,5
CALHOUN_COUNTY_AR,6
LAFAYETTE_COUNTY_AR,6
OUACHITA_COUNTY_AR,6
COLUMBIA_COUNTY_AR,6
LITTLE_RIVER_COUNTY_AR,6
SEVIER_COUNTY_AR,6
HEMPSTEAD_COUNTY_AR,6
MILLER_COUNTY_AR,6
UNION_COUNTY_AR,6
HOWARD_COUNTY_AR,6
NEVADA_COUNTY_AR,6
CRAWFORD_COUNTY_AR,7
SCOTT_COUNTY_AR,7
POLK_COUNTY_AR,7
FRANKLIN_COUNTY_AR,7
SEBASTIAN_COUNTY_AR,7
JOHNSON_COUNTY_AR,7
LOGAN_COUNTY_AR,7
MOHAVE_COUNTY_AZ,1
COCONINO_COUNTY_AZ,1
APACHE_COUNTY_AZ,1
NAVAJO_COUNTY_AZ,1
YAVAPAI_COUNTY_AZ,2
LA_PAZ_COUNTY_AZ,3
YUMA_COUNTY_AZ,3
MARICOPA_COUNTY_AZ,4
PINAL_COUNTY_AZ,5
GILA_COUNTY_AZ,5
PIMA_COUNTY_AZ,6
SANTA_CRUZ_COUNTY_AZ,6
GRAHAM_COUNTY_AZ,7
GREENLEE_COUNTY_AZ,7
COCHISE_COUNTY_AZ,7
ALPINE_COUNTY_CA,1
DEL_NORTE_COUNTY_CA,1
SISKIYOU_COUNTY_CA,1
MODOC_COUNTY_CA,1
LASSEN_COUNTY_CA,1
SHASTA_COUNTY_CA,1
TRINITY_COUNTY_CA,1
HUMBOLDT_COUNTY_CA,1
TEHAMA_COUNTY_CA,1
PLUMAS_COUNTY_CA,1
NEVADA_COUNTY_CA,1
SIERRA_COUNTY_CA,1
MENDOCINO_COUNTY_CA,1
LAKE_COUNTY_CA,1
BUTTE_COUNTY_CA,1
GLENN_COUNTY_CA,1
SUTTER_COUNTY_CA,1
YUBA_COUNTY_CA,1
COLUSA_COUNTY_CA,1
AMADOR_COUNTY_CA,1
CALAVERAS_COUNTY_CA,1
TUOLUMNE_COUNTY_CA,1
NAPA_COUNTY_CA,2
SONOMA_COUNTY_CA,2
SOLANO_COUNTY_CA,2
MARIN_COUNTY_CA,2
SACRAMENTO_COUNTY_CA,3
PLACER_COUNTY_CA,3
EL_DORADO_COUNTY_CA,3
YOLO_COUNTY_CA,3
SAN_FRANCISCO_COUNTY_CA,4
CONTRA_COSTA_COUNTY_CA,5
ALAMEDA_COUNTY_CA,6
SANTA_CLARA_COUNTY_CA,7
SAN_MATEO_COUNTY_CA,8
SANTA_CRUZ_COUNTY_CA,9
MONTEREY_COUNTY_CA,9
SAN_BENITO_COUNTY_CA,9
SAN_JOAQUIN_COUNTY_CA,10
STANISLAUS_COUNTY_CA,10
MERCED_COUNTY_CA,10
MARIPOSA_COUNTY_CA,10
TULARE_COUNTY_CA,10
MADERA_COUNTY_CA,11
FRESNO_COUNTY_CA,11
KINGS_COUNTY_CA,11
SAN_LUIS_OBISPO_COUNTY_CA,12
SANTA_BARBARA_COUNTY_CA,12
VENTURA_COUNTY_CA,12
MONO_COUNTY_CA,13
INYO_COUNTY_CA,13
IMPERIAL_COUNTY_CA,13
KERN_COUNTY_CA,14
906,15
907,15
908,15
910,15
911,15
912,15
915,15
917,15
918,15
935,15
900,16
902,16
903,16
904,16
905,16
913,16
914,16
916,16
923,16
928,16
932,16
SAN_BERNARDINO_COUNTY_CA,17
RIVERSIDE_COUNTY_CA,17
ORANGE_COUNTY_CA,18
SAN_DIEGO_COUNTY_CA,19
BOULDER_COUNTY_CO,1
EL_PASO_COUNTY_CO,2
TELLER_COUNTY_CO,2
ADAMS_COUNTY_CO,3
ARAPAHOE_COUNTY_CO,3
BROOMFIELD_COUNTY_CO,3
CLEAR_CREEK_COUNTY_CO,3
DENVER_COUNTY_CO,3
DOUGLAS_COUNTY_CO,3
ELBERT_COUNTY_CO,3
GILPIN_COUNTY_CO,3
JEFFERSON_COUNTY_CO,3
PARK_COUNTY_CO,3
LARIMER_COUNTY_CO,4
MESA_COUNTY_CO,5
WELD_COUNTY_CO,6
PUEBLO_COUNTY_CO,7
ALAMOSA_COUNTY_CO,8
BACA_COUNTY_CO,8
BENT_COUNTY_CO,8
CHAFFEE_COUNTY_CO,8
CHEYENNE_COUNTY_CO,8
CONEJOS_COUNTY_CO,8
COSTILLA_COUNTY_CO,8
CROWLEY_COUNTY_CO,8
CUSTER_COUNTY_CO,8
FREMONT_COUNTY_CO,8
HUERFANO_COUNTY_CO,8
KIOWA_COUNTY_CO,8
KIT_CARSON_COUNTY_CO,8
LAS_ANIMAS_COUNTY_CO,8
LINCOLN_COUNTY_CO,8
LOGAN_COUNTY_CO,8
MINERAL_COUNTY_CO,8
MORGAN_COUNTY_CO,8
OTERO_COUNTY_CO,8
PHILLIPS_COUNTY_CO,8
PROWERS_COUNTY_CO,8
RIO_GRANDE_COUNTY_CO,8
SAGUACHE_COUNTY_CO,8
SEDGWICK_COUNTY_CO,8
WASHINGTON_COUNTY_CO,8
YUMA_COUNTY_CO,8
ARCHULETA_COUNTY_CO,9
DELTA_COUNTY_CO,9
DOLORES_COUNTY_CO,9
EAGLE_COUNTY_CO,9
GARFIELD_COUNTY_CO,9
GRAND_COUNTY_CO,9
GUNNISON_COUNTY_CO,9
HINSDALE_COUNTY_CO,9
JACKSON_COUNTY_CO,9
LA_PLATA_COUNTY_CO,9
LAKE_COUNTY_CO,9
MOFFAT_COUNTY_CO,9
MONTEZUMA_COUNTY_CO,9
MONTROSE_COUNTY_CO,9
OURAY_COUNTY_CO,9
PITKIN_COUNTY_CO,9
RIO_BLANCO_COUNTY_CO,9
ROUTT_COUNTY_CO,9
SAN_JUAN_COUNTY_CO,9
SAN_MIGUEL_COUNTY_CO,9
SUMMIT_COUNTY_CO,9
FAIRFIELD_COUNTY_CT,1
HARTFORD_COUNTY_CT,2
LITCHFIELD_COUNTY_CT,3
MIDDLESEX_COUNTY_CT,4
NEW_HAVEN_COUNTY_CT,5
NEW_LONDON_COUNTY_CT,6
TOLLAND_COUNTY_CT,7
WINDHAM_COUNTY_CT,8
DISTRICT_OF_COLUMBIA_DC,1
KENT_COUNTY_DE,1
NEW_CASTLE_COUNTY_DE,1
SUSSEX_COUNTY_DE,1
ALACHUA_COUNTY_FL,1
BAKER_COUNTY_FL,2
BAY_COUNTY_FL,3
BRADFORD_COUNTY_FL,4
BREVARD_COUNTY_FL,5
BROWARD_COUNTY_FL,6
CALHOUN_COUNTY_FL,7
CHARLOTTE_COUNTY_FL,8
CITRUS_COUNTY_FL,9
CLAY_COUNTY_FL,10
COLLIER_COUNTY_FL,11
COLUMBIA_COUNTY_FL,12
DESOTO_COUNTY_FL,13
DIXIE_COUNTY_FL,14
DUVAL_COUNTY_FL,15
ESCAMBIA_COUNTY_FL,16
FLAGLER_COUNTY_FL,17
FRANKLIN_COUNTY_FL,18
GADSDEN_COUNTY_FL,19
GILCHRIST_COUNTY_FL,20
GLADES_COUNTY_FL,21
GULF_COUNTY_FL,22
HAMILTON_COUNTY_FL,23
HARDEE_COUNTY_FL,24
HENDRY_COUNTY_FL,25
HERNANDO_COUNTY_FL,26
HIGHLANDS_COUNTY_FL,27
HILLSBOROUGH_COUNTY_FL,28
HOLMES_COUNTY_FL,29
INDIAN_RIVER_COUNTY_FL,30
JACKSON_COUNTY_FL,31
JEFFERSON_COUNTY_FL,32
LAFAYETTE_COUNTY_FL,33
LAKE_COUNTY_FL,34
LEE_COUNTY_FL,35
LEON_COUNTY_FL,36
LEVY_COUNTY_FL,37
LIBERTY_COUNTY_FL,38
MADISON_COUNTY_FL,39
MANATEE_COUNTY_FL,40
MARION_COUNTY_FL,41
MARTIN_COUNTY_FL,42
MIAMI_DADE_COUNTY_FL,43
MONROE_COUNTY_FL,44
NASSAU_COUNTY_FL,45
OKALOOSA_COUNTY_FL,46
OKEECHOBEE_COUNTY_FL,47
ORANGE_COUNTY_FL,48
OSCEOLA_COUNTY_FL,49
PALM_BEACH_COUNTY_FL,50
PASCO_COUNTY_FL,51
PINELLAS_COUNTY_FL,52
POLK_COUNTY_FL,53
PUTNAM_COUNTY_FL,54
SANTA_ROSA_COUNTY_FL,55
SARASOTA_COUNTY_FL,56
SEMINOLE_COUNTY_FL,57
ST_JOHNS_COUNTY_FL,58
ST_LUCIE_COUNTY_FL,59
SUMTER_COUNTY_FL,60
SUWANNEE_COUNTY_FL,61
TAYLOR_COUNTY_FL,62
UNION_COUNTY_FL,63
VOLUSIA_COUNTY_FL,64
WAKULLA_COUNTY_FL,65
WALTON_COUNTY_FL,66
WASHINGTON_COUNTY_FL,67
BAKER_COUNTY_GA,1
CALHOUN_COUNTY_GA,1
CLAYTON_COUNTY_GA,1
CRISP_COUNTY_GA,1
DOUGHERTY_COUNTY_GA,1
LEE_COUNTY_GA,1
MITCHELL_COUNTY_GA,1
RANDOLPH_COUNTY_GA,1
SCHLEY_COUNTY_GA,1
SUMTER_COUNTY_GA,1
TERRELL_COUNTY_GA,1
WORTH_COUNTY_GA,1
BARROW_COUNTY_GA,2
CLARKE_COUNTY_GA,2
ELBERT_COUNTY_GA,2
GREENE_COUNTY_GA,2
JACKSON_COUNTY_GA,2
MADISON_COUNTY_GA,2
MORGAN_COUNTY_GA,2
OCONEE_COUNTY_GA,2
OGLETHORPE_COUNTY_GA,2
BARTOW_COUNTY_GA,3
BUTTS_COUNTY_GA,3
CHEROKEE_COUNTY_GA,3
COBB_COUNTY_GA,3
COWETA_COUNTY_GA,3
DEKALB_COUNTY_GA,3
DOUGLAS_COUNTY_GA,3
FAYETTE_COUNTY_GA,3
FORSYTH_COUNTY_GA,3
FULTON_COUNTY_GA,3
GWINNETT_COUNTY_GA,3
HENRY_COUNTY_GA,3
JASPER_COUNTY_GA,3
LAMAR_COUNTY_GA,3
NEWTON_COUNTY_GA,3
PAULDING_COUNTY_GA,3
PIKE_COUNTY_GA,3
ROCKDALE_COUNTY_GA,3
SPALDING_COUNTY_GA,3
WALTON_COUNTY_GA,3
CARROLL_COUNTY_GA,4
HARALSON_COUNTY_GA,4
HEARD_COUNTY_GA,4
BURKE_COUNTY_GA,5
COLUMBIA_COUNTY_GA,5
EMANUEL_COUNTY_GA,5
GLASCOCK_COUNTY_GA,5
JEFFERSON_COUNTY_GA,5
JENKINS_COUNTY_GA,5
LINCOLN_COUNTY_GA,5
MCDUFFIE_COUNTY_GA,5
RICHMOND_COUNTY_GA,5
TALIAFERRO_COUNTY_GA,5
WARREN_COUNTY_GA,5
WILKES_COUNTY_GA,5
BACON_COUNTY_GA,6
BRANTLEY_COUNTY_GA,6
CAMDEN_COUNTY_GA,6
CHARLTON_COUNTY_GA,6
GLYNN_COUNTY_GA,6
MCINTOSH_COUNTY_GA,6
PIERCE_COUNTY_GA,6
WARE_COUNTY_GA,6
WAYNE_COUNTY_GA,6
CATOOSA_COUNTY_GA,7
DADE_COUNTY_GA,7
WALKER_COUNTY_GA,7
CHATTAHOOCHEE_COUNTY_GA,8
HARRIS_COUNTY_GA,8
MACON_COUNTY_GA,8
MARION_COUNTY_GA,8
MERIWETHER_COUNTY_GA,8
MUSCOGEE_COUNTY_GA,8
QUITMAN_COUNTY_GA,8
STEWART_COUNTY_GA,8
TALBOT_COUNTY_GA,8
TAYLOR_COUNTY_GA,8
TROUP_COUNTY_GA,8
UPSON_COUNTY_GA,8
WEBSTER_COUNTY_GA,8
FANNIN_COUNTY_GA,9
MURRAY_COUNTY_GA,9
WHITFIELD_COUNTY_GA,9
BANKS_COUNTY_GA,10
FRANKLIN_COUNTY_GA,10
HABERSHAM_COUNTY_GA,10
HALL_COUNTY_GA,10
HART_COUNTY_GA,10
LUMPKIN_COUNTY_GA,10
RABUN_COUNTY_GA,10
STEPHENS_COUNTY_GA,10
TOWNS_COUNTY_GA,10
UNION_COUNTY_GA,10
WHITE_COUNTY_GA,10
ATKINSON_COUNTY_GA,11
COFFEE_COUNTY_GA,11
JEFF_DAVIS_COUNTY_GA,11
LAURENS_COUNTY_GA,11
MONTGOMERY_COUNTY_GA,11
TELFAIR_COUNTY_GA,11
TREUTLEN_COUNTY_GA,11
WHEELER_COUNTY_GA,11
BIBB_COUNTY_GA,12
BLECKLEY_COUNTY_GA,12
CRAWFORD_COUNTY_GA,12
DODGE_COUNTY_GA,12
DOOLY_COUNTY_GA,12
HOUSTON_COUNTY_GA,12
JONES_COUNTY_GA,12
MONROE_COUNTY_GA,12
PEACH_COUNTY_GA,12
PULASKI_COUNTY_GA,12
PUTNAM_COUNTY_GA,12
TWIGGS_COUNTY_GA,12
WILCOX_COUNTY_GA,12
CHATTOOGA_COUNTY_GA,13
FLOYD_COUNTY_GA,13
GILMER_COUNTY_GA,13
GORDON_COUNTY_GA,13
PICKENS_COUNTY_GA,13
POLK_COUNTY_GA,13
APPLING_COUNTY_GA,14
BULLOCH_COUNTY_GA,14
CANDLER_COUNTY_GA,14
CHATHAM_COUNTY_GA,14
EFFINGHAM_COUNTY_GA,14
EVANS_COUNTY_GA,14
LIBERTY_COUNTY_GA,14
LONG_COUNTY_GA,14
SCREVEN_COUNTY_GA,14
TATTNALL_COUNTY_GA,14
BERRIEN_COUNTY_GA,15
BROOKS_COUNTY_GA,15
CLINCH_COUNTY_GA,15
COLQUITT_COUNTY_GA,15
COOK_COUNTY_GA,15
DECATUR_COUNTY_GA,15
EARLY_COUNTY_GA,15
ECHOLS_COUNTY_GA,15
GRADY_COUNTY_GA,15
IRWIN_COUNTY_GA,15
LANIER_COUNTY_GA,15
LOWNDES_COUNTY_GA,15
MILLER_COUNTY_GA,15
SEMINOLE_COUNTY_GA,15
THOMAS_COUNTY_GA,15
TIFT_COUNTY_GA,15
TURNER_COUNTY_GA,15
BALDWIN_COUNTY_GA,16
HANCOCK_COUNTY_GA,16
WASHINGTON_COUNTY_GA,16
WILKINSON_COUNTY_GA,16
HONOLULU_COUNTY_HI,1
HAWAII_COUNTY_HI,1
MAUI_COUNTY_HI,1
KALAWAO_COUNTY_HI,1
KAUAI_COUNTY_HI,1
BOONE_COUNTY_IA,1
CALHOUN_COUNTY_IA,1
CARROLL_COUNTY_IA,1
GREENE_COUNTY_IA,1
GRUNDY_COUNTY_IA,1
HAMILTON_COUNTY_IA,1
HARDIN_COUNTY_IA,1
MARSHALL_COUNTY_IA,1
POWESHIEK_COUNTY_IA,1
STORY_COUNTY_IA,1
TAMA_COUNTY_IA,1
WEBSTER_COUNTY_IA,1
DALLAS_COUNTY_IA,2
JASPER_COUNTY_IA,2
MADISON_COUNTY_IA,2
MARION_COUNTY_IA,2
POLK_COUNTY_IA,2
WARREN_COUNTY_IA,2
BUENA_VISTA_COUNTY_IA,3
CHEROKEE_COUNTY_IA,3
CLAY_COUNTY_IA,3
CRAWFORD_COUNTY_IA,3
DICKINSON_COUNTY_IA,3
IDA_COUNTY_IA,3
LYON_COUNTY_IA,3
MONONA_COUNTY_IA,3
O_BRIEN_COUNTY_IA,3
OSCEOLA_COUNTY_IA,3
PALO_ALTO_COUNTY_IA,3
PLYMOUTH_COUNTY_IA,3
POCAHONTAS_COUNTY_IA,3
SAC_COUNTY_IA,3
SIOUX_COUNTY_IA,3
WOODBURY_COUNTY_IA,3
ADAIR_COUNTY_IA,4
ADAMS_COUNTY_IA,4
AUDUBON_COUNTY_IA,4
CASS_COUNTY_IA,4
CLARKE_COUNTY_IA,4
DECATUR_COUNTY_IA,4
FREMONT_COUNTY_IA,4
GUTHRIE_COUNTY_IA,4
HARRISON_COUNTY_IA,4
MILLS_COUNTY_IA,4
MONTGOMERY_COUNTY_IA,4
PAGE_COUNTY_IA,4
POTTAWATTAMIE_COUNTY_IA,4
RINGGOLD_COUNTY_IA,4
SHELBY_COUNTY_IA,4
TAYLOR_COUNTY_IA,4
UNION_COUNTY_IA,4
APPANOOSE_COUNTY_IA,5
DAVIS_COUNTY_IA,5
DES_MOINES_COUNTY_IA,5
HENRY_COUNTY_IA,5
JEFFERSON_COUNTY_IA,5
KEOKUK_COUNTY_IA,5
LEE_COUNTY_IA,5
LOUISA_COUNTY_IA,5
LUCAS_COUNTY_IA,5
MAHASKA_COUNTY_IA,5
MONROE_COUNTY_IA,5
MUSCATINE_COUNTY_IA,5
VAN_BUREN_COUNTY_IA,5
WAPELLO_COUNTY_IA,5
WASHINGTON_COUNTY_IA,5
WAYNE_COUNTY_IA,5
BENTON_COUNTY_IA,6
BLACK_HAWK_COUNTY_IA,6
BUCHANAN_COUNTY_IA,6
CEDAR_COUNTY_IA,6
CLAYTON_COUNTY_IA,6
CLINTON_COUNTY_IA,6
DELAWARE_COUNTY_IA,6
DUBUQUE_COUNTY_IA,6
IOWA_COUNTY_IA,6
JACKSON_COUNTY_IA,6
JOHNSON_COUNTY_IA,6
JONES_COUNTY_IA,6
LINN_COUNTY_IA,6
SCOTT_COUNTY_IA,6
ALLAMAKEE_COUNTY_IA,7
BREMER_COUNTY_IA,7
BUTLER_COUNTY_IA,7
CERRO_GORDO_COUNTY_IA,7
CHICKASAW_COUNTY_IA,7
EMMET_COUNTY_IA,7
FAYETTE_COUNTY_IA,7
FLOYD_COUNTY_IA,7
FRANKLIN_COUNTY_IA,7
HANCOCK_COUNTY_IA,7
HOWARD_COUNTY_IA,7
HUMBOLDT_COUNTY_IA,7
KOSSUTH_COUNTY_IA,7
MITCHELL_COUNTY_IA,7
WINNEBAGO_COUNTY_IA,7
WINNESHIEK_COUNTY_IA,7
WORTH_COUNTY_IA,7
WRIGHT_COUNTY_IA,7
832,1
833,2
834,3
835,4
836,5
837,6
838,7
COOK_COUNTY_IL,1
LAKE_COUNTY_IL,2
MCHENRY_COUNTY_IL,2
DUPAGE_COUNTY_IL,3
KANE_COUNTY_IL,3
GRUNDY_COUNTY_IL,4
KANKAKEE_COUNTY_IL,4
KENDALL_COUNTY_IL,4
WILL_COUNTY_IL,4
BOONE_COUNTY_IL,5
CARROLL_COUNTY_IL,5
DEKALB_COUNTY_IL,5
JO_DAVIESS_COUNTY_IL,5
LEE_COUNTY_IL,5
OGLE_COUNTY_IL,5
STEPHENSON_COUNTY_IL,5
WINNEBAGO_COUNTY_IL,5
BUREAU_COUNTY_IL,6
HANCOCK_COUNTY_IL,6
HENDERSON_COUNTY_IL,6
MERCER_COUNTY_IL,6
ROCK_ISLAND_COUNTY_IL,6
WARREN_COUNTY_IL,6
WHITESIDE_COUNTY_IL,6
KNOX_COUNTY_IL,7
LASALLE_COUNTY_IL,7
MARSHALL_COUNTY_IL,7
MCDONOUGH_COUNTY_IL,7
PEORIA_COUNTY_IL,7
PUTNAM_COUNTY_IL,7
STARK_COUNTY_IL,7
TAZEWELL_COUNTY_IL,7
WOODFORD_COUNTY_IL,7
FULTON_COUNTY_IL,7
MCLEAN_COUNTY_IL,8
LIVINGSTON_COUNTY_IL,8
CHAMPAIGN_COUNTY_IL,9
COLES_COUNTY_IL,9
DOUGLAS_COUNTY_IL,9
EDGAR_COUNTY_IL,9
PIATT_COUNTY_IL,9
FORD_COUNTY_IL,9
IROQUOIS_COUNTY_IL,9
VERMILION_COUNTY_IL,9
CLARK_COUNTY_IL,9
CUMBERLAND_COUNTY_IL,9
ADAMS_COUNTY_IL,10
BROWN_COUNTY_IL,10
CASS_COUNTY_IL,10
CHRISTIAN_COUNTY_IL,10
LOGAN_COUNTY_IL,10
MACON_COUNTY_IL,10
MASON_COUNTY_IL,10
MENARD_COUNTY_IL,10
MORGAN_COUNTY_IL,10
MOULTRIE_COUNTY_IL,10
PIKE_COUNTY_IL,10
SANGAMON_COUNTY_IL,10
SCHUYLER_COUNTY_IL,10
SCOTT_COUNTY_IL,10
SHELBY_COUNTY_IL,10
BOND_COUNTY_IL,11
CALHOUN_COUNTY_IL,11
CLINTON_COUNTY_IL,11
GREENE_COUNTY_IL,11
JERSEY_COUNTY_IL,11
MACOUPIN_COUNTY_IL,11
MONTGOMERY_COUNTY_IL,11
RANDOLPH_COUNTY_IL,11
WASHINGTON_COUNTY_IL,11
MADISON_COUNTY_IL,12
MONROE_COUNTY_IL,12
ST_CLAIR_COUNTY_IL,12
ALEXANDER_COUNTY_IL,13
CLAY_COUNTY_IL,13
CRAWFORD_COUNTY_IL,13
EDWARDS_COUNTY_IL,13
EFFINGHAM_COUNTY_IL,13
FAYETTE_COUNTY_IL,13
FRANKLIN_COUNTY_IL,13
GALLATIN_COUNTY_IL,13
HAMILTON_COUNTY_IL,13
HARDIN_COUNTY_IL,13
JACKSON_COUNTY_IL,13
JASPER_COUNTY_IL,13
JEFFERSON_COUNTY_IL,13
JOHNSON_COUNTY_IL,13
LAWRENCE_COUNTY_IL,13
MARION_COUNTY_IL,13
MASSAC_COUNTY_IL,13
PERRY_COUNTY_IL,13
POPE_COUNTY_IL,13
PULASKI_COUNTY_IL,13
RICHLAND_COUNTY_IL,13
SALINE_COUNTY_IL,13
UNION_COUNTY_IL,13
WABASH_COUNTY_IL,13
WAYNE_COUNTY_IL,13
WILLIAMSON_COUNTY_IL,13
LAKE_COUNTY_IN,1
LAPORTE_COUNTY_IN,1
PORTER_COUNTY_IN,1
ELKHART_COUNTY_IN,2
KOSCIUSKO_COUNTY_IN,2
MARSHALL_COUNTY_IN,2
ST_JOSEPH_COUNTY_IN,2
STARKE_COUNTY_IN,2
ADAMS_COUNTY_IN,3
DEKALB_COUNTY_IN,3
HUNTINGTON_COUNTY_IN,3
LAGRANGE_COUNTY_IN,3
NOBLE_COUNTY_IN,3
STEUBEN_COUNTY_IN,3
WABASH_COUNTY_IN,3
WELLS_COUNTY_IN,3
WHITLEY_COUNTY_IN,3
ALLEN_COUNTY_IN,4
BENTON_COUNTY_IN,5
JASPER_COUNTY_IN,5
NEWTON_COUNTY_IN,5
WARREN_COUNTY_IN,5
WHITE_COUNTY_IN,5
CASS_COUNTY_IN,6
FULTON_COUNTY_IN,6
HOWARD_COUNTY_IN,6
MIAMI_COUNTY_IN,6
PULASKI_COUNTY_IN,6
CARROLL_COUNTY_IN,7
CLINTON_COUNTY_IN,7
FOUNTAIN_COUNTY_IN,7
MONTGOMERY_COUNTY_IN,7
PUTNAM_COUNTY_IN,7
TIPPECANOE_COUNTY_IN,7
TIPTON_COUNTY_IN,7
BLACKFORD_COUNTY_IN,8
DELAWARE_COUNTY_IN,8
GRANT_COUNTY_IN,8
JAY_COUNTY_IN,8
RANDOLPH_COUNTY_IN,8
CLAY_COUNTY_IN,9
PARKE_COUNTY_IN,9
SULLIVAN_COUNTY_IN,9
VERMILLION_COUNTY_IN,9
VIGO_COUNTY_IN,9
BOONE_COUNTY_IN,10
HAMILTON_COUNTY_IN,10
MARION_COUNTY_TN,10
MORGAN_COUNTY_IN,10
SHELBY_COUNTY_IN,10
HENDRICKS_COUNTY_IN,10
FAYETTE_COUNTY_IN,11
HANCOCK_COUNTY_IN,11
HENRY_COUNTY_IN,11
MADISON_COUNTY_IN,11
UNION_COUNTY_IN,11
WAYNE_COUNTY_IN,11
BARTHOLOMEW_COUNTY_IN,12
DECATUR_COUNTY_IN,12
JACKSON_COUNTY_IN,12
JENNINGS_COUNTY_IN,12
RUSH_COUNTY_IN,12
BROWN_COUNTY_IN,13
JOHNSON_COUNTY_IN,13
LAWRENCE_COUNTY_IN,13
MONROE_COUNTY_IN,13
OWEN_COUNTY_IN,13
DEARBORN_COUNTY_IN,14
FRANKLIN_COUNTY_IN,14
OHIO_COUNTY_IN,14
RIPLEY_COUNTY_IN,14
SWITZERLAND_COUNTY_IN,14
DUBOIS_COUNTY_IN,15
GREENE_COUNTY_IN,15
KNOX_COUNTY_IN,15
MARTIN_COUNTY_IN,15
ORANGE_COUNTY_IN,15
PERRY_COUNTY_IN,15
PIKE_COUNTY_IN,15
SPENCER_COUNTY_IN,15
CLARK_COUNTY_IN,16
CRAWFORD_COUNTY_IN,16
FLOYD_COUNTY_IN,16
HARRISON_COUNTY_IN,16
JEFFERSON_COUNTY_IN,16
SCOTT_COUNTY_IN,16
WASHINGTON_COUNTY_IN,16
GIBSON_COUNTY_IN,17
POSEY_COUNTY_IN,17
WARRICK_COUNTY_IN,17
VANDERBURGH_COUNTY_IN,17
LEAVENWORTH_COUNTY_KS,1
WYANDOTTE_COUNTY_KS,1
JOHNSON_COUNTY_KS,1
MIAMI_COUNTY_KS,1
MARSHALL_COUNTY_KS,2
NEMAHA_COUNTY_KS,2
BROWN_COUNTY_KS,2
DONIPHAN_COUNTY_KS,2
POTTAWATOMIE_COUNTY_KS,2
JACKSON_COUNTY_KS,2
ATCHISON_COUNTY_KS,2
WABAUNSEE_COUNTY_KS,2
SHAWNEE_COUNTY_KS,2
JEFFERSON_COUNTY_KS,2
LYON_COUNTY_KS,2
OSAGE_COUNTY_KS,2
DOUGLAS_COUNTY_KS,2
FRANKLIN_COUNTY_KS,2
COFFEY_COUNTY_KS,2
ANDERSON_COUNTY_KS,2
LINN_COUNTY_KS,2
JEWELL_COUNTY_KS,3
REPUBLIC_COUNTY_KS,3
WASHINGTON_COUNTY_KS,3
MITCHELL_COUNTY_KS,3
CLOUD_COUNTY_KS,3
CLAY_COUNTY_KS,3
RILEY_COUNTY_KS,3
LINCOLN_COUNTY_KS,3
ELLSWORTH_COUNTY_KS,3
SALINE_COUNTY_KS,3
DICKINSON_COUNTY_KS,3
GEARY_COUNTY_KS,3
MORRIS_COUNTY_KS,3
CHEYENNE_COUNTY_KS,4
RAWLINS_COUNTY_KS,4
DECATUR_COUNTY_KS,4
NORTON_COUNTY_KS,4
PHILLIPS_COUNTY_KS,4
SMITH_COUNTY_KS,4
SHERMAN_COUNTY_KS,4
THOMAS_COUNTY_KS,4
SHERIDAN_COUNTY_KS,4
GRAHAM_COUNTY_KS,4
ROOKS_COUNTY_KS,4
OSBORNE_COUNTY_KS,4
WALLACE_COUNTY_KS,4
LOGAN_COUNTY_KS,4
GOVE_COUNTY_KS,4
TREGO_COUNTY_KS,4
ELLIS_COUNTY_KS,4
RUSSELL_COUNTY_KS,4
GREELEY_COUNTY_KS,4
WICHITA_COUNTY_KS,4
SCOTT_COUNTY_KS,4
LANE_COUNTY_KS,4
NESS_COUNTY_KS,4
RUSH_COUNTY_KS,4
BARTON_COUNTY_KS,4
HAMILTON_COUNTY_KS,5
KEARNY_COUNTY_KS,5
FINNEY_COUNTY_KS,5
HODGEMAN_COUNTY_KS,5
PAWNEE_COUNTY_KS,5
STAFFORD_COUNTY_KS,5
STANTON_COUNTY_KS,5
GRANT_COUNTY_KS,5
HASKELL_COUNTY_KS,5
GRAY_COUNTY_KS,5
CRAWFORD_COUNTY_KS,5
EDWARDS_COUNTY_KS,5
KIOWA_COUNTY_KS,5
PRATT_COUNTY_KS,5
MORTON_COUNTY_KS,5
STEVENS_COUNTY_KS,5
SEWARD_COUNTY_KS,5
MEADE_COUNTY_KS,5
CLARK_COUNTY_KS,5
COMANCHE_COUNTY_KS,5
BARBER_COUNTY_KS,5
RICE_COUNTY_KS,6
RENO_COUNTY_KS,6
KINGMAN_COUNTY_KS,6
HARPER_COUNTY_KS,6
MCPHERSON_COUNTY_KS,6
HARVEY_COUNTY_KS,6
SEDGWICK_COUNTY_KS,6
SUMNER_COUNTY_KS,6
MARION_COUNTY_KS,6
BUTLER_COUNTY_KS,6
COWLEY_COUNTY_KS,6
CHASE_COUNTY_KS,6
GREENWOOD_COUNTY_KS,6
ELK_COUNTY_KS,6
CHAUTAUQUA_COUNTY_KS,6
WILSON_COUNTY_KS,6
MONTGOMERY_COUNTY_KS,6
WOODSON_COUNTY_KS,7
ALLEN_COUNTY_KS,7
NEOSHO_COUNTY_KS,7
LABETTE_COUNTY_KS,7
BOURBON_COUNTY_KS,7
CHEROKEE_COUNTY_KS,7
BALLARD_COUNTY_KY,1
CALDWELL_COUNTY_KY,1
CALLOWAY_COUNTY_KY,1
CARLISLE_COUNTY_KY,1
CRITTENDEN_COUNTY_KY,1
FULTON_COUNTY_KY,1
GRAVES_COUNTY_KY,1
HICKMAN_COUNTY_KY,1
LIVINGSTON_COUNTY_KY,1
LYON_COUNTY_KY,1
MARSHALL_COUNTY_KY,1
MCCRACKEN_COUNTY_KY,1
CHRISTIAN_COUNTY_KY,2
DAVIESS_COUNTY_KY,2
HANCOCK_COUNTY_KY,2
HENDERSON_COUNTY_KY,2
HOPKINS_COUNTY_KY,2
MCLEAN_COUNTY_KY,2
MUHLENBERG_COUNTY_KY,2
OHIO_COUNTY_KY,2
TRIGG_COUNTY_KY,2
TODD_COUNTY_KY,2
UNION_COUNTY_KY,2
WEBSTER_COUNTY_KY,2
BRECKINRIDGE_COUNTY_KY,3
BULLITT_COUNTY_KY,3
CARROLL_COUNTY_KY,3
GRAYSON_COUNTY_KY,3
HARDIN_COUNTY_KY,3
HENRY_COUNTY_KY,3
JEFFERSON_COUNTY_KY,3
LARUE_COUNTY_KY,3
MARION_COUNTY_KY,3
MEADE_COUNTY_KY,3
NELSON_COUNTY_KY,3
OLDHAM_COUNTY_KY,3
SHELBY_COUNTY_KY,3
SPENCER_COUNTY_KY,3
TRIMBLE_COUNTY_KY,3
WASHINGTON_COUNTY_KY,3
ADAIR_COUNTY_KY,4
ALLEN_COUNTY_KY,4
BARREN_COUNTY_KY,4
BUTLER_COUNTY_KY,4
CASEY_COUNTY_KY,4
CLINTON_COUNTY_KY,4
EDMONSON_COUNTY_KY,4
GREENUP_COUNTY_KY,4
HART_COUNTY_KY,4
LOGAN_COUNTY_KY,4
MCCREARY_COUNTY_KY,4
METCALFE_COUNTY_KY,4
MONROE_COUNTY_KY,4
PULASKI_COUNTY_KY,4
RUSSELL_COUNTY_KY,4
SIMPSON_COUNTY_KY,4
TAYLOR_COUNTY_KY,4
WARREN_COUNTY_KY,4
WAYNE_COUNTY_KY,4
ANDERSON_COUNTY_KY,5
BOURBON_COUNTY_KY,5
BOYLE_COUNTY_KY,5
ESTILL_COUNTY_KY,5
FAYETTE_COUNTY_KY,5
FRANKLIN_COUNTY_KY,5
GARRARD_COUNTY_KY,5
HARRISON_COUNTY_KY,5
JACKSON_COUNTY_KY,5
JESSAMINE_COUNTY_KY,5
LINCOLN_COUNTY_KY,5
MADISON_COUNTY_KY,5
MERCER_COUNTY_KY,5
MONTGOMERY_COUNTY_KY,5
NICHOLAS_COUNTY_KY,5
OWEN_COUNTY_KY,5
POWELL_COUNTY_KY,5
ROCKCASTLE_COUNTY_KY,5
SCOTT_COUNTY_KY,5
WOODFORD_COUNTY_KY,5
BOONE_COUNTY_KY,6
CAMPBELL_COUNTY_KY,6
GALLATIN_COUNTY_KY,6
GRANT_COUNTY_KY,6
KENTON_COUNTY_KY,6
PENDLETON_COUNTY_KY,6
BATH_COUNTY_KY,7
BOYD_COUNTY_KY,7
BRACKEN_COUNTY_KY,7
CARTER_COUNTY_KY,7
ELLIOTT_COUNTY_KY,7
FLEMING_COUNTY_KY,7
LAWRENCE_COUNTY_KY,7
LEWIS_COUNTY_KY,7
MASON_COUNTY_KY,7
MENIFEE_COUNTY_KY,7
MORGAN_COUNTY_KY,7
ROBERTSON_COUNTY_KY,7
ROWAN_COUNTY_KY,7
BELL_COUNTY_KY,8
BREATHITT_COUNTY_KY,8
CLAY_COUNTY_KY,8
FLOYD_COUNTY_KY,8
HARLAN_COUNTY_KY,8
JOHNSON_COUNTY_KY,8
KNOTT_COUNTY_KY,8
KNOX_COUNTY_KY,8
LAUREL_COUNTY_KY,8
LEE_COUNTY_KY,8
LESLIE_COUNTY_KY,8
LETCHER_COUNTY_KY,8
MAGOFFIN_COUNTY_KY,8
MARTIN_COUNTY_KY,8
OWSLEY_COUNTY_KY,8
PERRY_COUNTY_KY,8
PIKE_COUNTY_KY,8
WHITLEY_COUNTY_KY,8
WOLFE_COUNTY_KY,8
ORLEANS_PARISH_LA,1
ST_BERNARD_PARISH_LA,1
PLAQUEMINES_PARISH_LA,1
JEFFERSON_PARISH_LA,1
ST_CHARLES_PARISH_LA,1
ST_JOHN_THE_BAPTIST_PARISH_LA,1
ST_JAMES_PARISH_LA,1
ST_TAMMANY_PARISH_LA,1
LAFOURCHE_PARISH_LA,2
TERREBONNE_PARISH_LA,2
ASSUMPTION_PARISH_LA,2
LAFAYETTE_PARISH_LA,3
ST_MARTIN_PARISH_LA,3
ST_MARY_PARISH_LA,3
IBERIA_PARISH_LA,3
VERMILION_PARISH_LA,3
ACADIA_PARISH_LA,3
ST_LANDRY_PARISH_LA,3
EVANGELINE_PARISH_LA,3
CAMERON_PARISH_LA,4
JEFFERSON_DAVIS_PARISH_LA,4
CALCASIEU_PARISH_LA,4
ALLEN_PARISH_LA,4
BEAUREGARD_PARISH_LA,4
EAST_BATON_ROUGE_PARISH_LA,5
WEST_BATON_ROUGE_PARISH_LA,5
IBERVILLE_PARISH_LA,5
POINTE_COUPEE_PARISH_LA,5
WEST_FELICIANA_PARISH_LA,5
EAST_FELICIANA_PARISH_LA,5
ASCENSION_PARISH_LA,5
LIVINGSTON_PARISH_LA,5
ST_HELENA_PARISH_LA,5
TANGIPAHOA_PARISH_LA,5
WASHINGTON_PARISH_LA,5
RAPIDES_PARISH_LA,6
VERNON_PARISH_LA,6
AVOYELLES_PARISH_LA,6
CONCORDIA_PARISH_LA,6
CATAHOULA_PARISH_LA,6
LASALLE_PARISH_LA,6
GRANT_PARISH_LA,6
WINN_PARISH_LA,6
OUACHITA_PARISH_LA,7
EAST_CARROLL_PARISH_LA,7
WEST_CARROLL_PARISH_LA,7
MADISON_PARISH_LA,7
TENSAS_PARISH_LA,7
FRANKLIN_PARISH_LA,7
RICHLAND_PARISH_LA,7
MOREHOUSE_PARISH_LA,7
CALDWELL_PARISH_LA,7
JACKSON_PARISH_LA,7
LINCOLN_PARISH_LA,7
UNION_PARISH_LA,7
BOSSIER_PARISH_LA,8
CADDO_PARISH_LA,8
WEBSTER_PARISH_LA,8
CLAIBORNE_PARISH_LA,8
BIENVILLE_PARISH_LA,8
RED_RIVER_PARISH_LA,8
DE_SOTO_PARISH_LA,8
NATCHITOCHES_PARISH_LA,8
SABINE_PARISH_LA,8
010,1
011,1
012,1
013,1
014,2
015,2
016,2
017,3
020,3
018,4
019,4
021,5
022,5
024,5
023,6
027,6
025,7
026,7
BALTIMORE_CITY_MD,1
BALTIMORE_COUNTY_MD,1
HARFORD_COUNTY_MD,1
HOWARD_COUNTY_MD,1
ANNE_ARUNDEL_COUNTY_MD,1
ST_MARY_S_COUNTY_MD,2
CHARLES_COUNTY_MD,2
CALVERT_COUNTY_MD,2
CECIL_COUNTY_MD,2
KENT_COUNTY_MD,2
QUEEN_ANNE_S_COUNTY_MD,2
TALBOT_COUNTY_MD,2
CAROLINE_COUNTY_MD,2
DORCHESTER_COUNTY_MD,2
WICOMICO_COUNTY_MD,2
SOMERSET_COUNTY_MD,2
WORCESTER_COUNTY_MD,2
MONTGOMERY_COUNTY_MD,3
PRINCE_GEORGE_S_COUNTY_MD,3
GARRETT_COUNTY_MD,4
ALLEGANY_COUNTY_MD,4
WASHINGTON_COUNTY_MD,4
CARROLL_COUNTY_MD,4
FREDERICK_COUNTY_MD,4
CUMBERLAND_COUNTY_ME,1
SAGADAHOC_COUNTY_ME,1
YORK_COUNTY_ME,1
KNOX_COUNTY_ME,2
KENNEBEC_COUNTY_ME,2
LINCOLN_COUNTY_ME,2
OXFORD_COUNTY_ME,2
ANDROSCOGGIN_COUNTY_ME,3
WALDO_COUNTY_ME,3
FRANKLIN_COUNTY_ME,3
PENOBSCOT_COUNTY_ME,3
SOMERSET_COUNTY_ME,3
PISCATAQUIS_COUNTY_ME,3
HANCOCK_COUNTY_ME,4
AROOSTOOK_COUNTY_ME,4
WASHINGTON_COUNTY_ME,4
MONROE_COUNTY_MI,1
WAYNE_COUNTY_MI,1
MACOMB_COUNTY_MI,2
OAKLAND_COUNTY_MI,2
ST_CLAIR_COUNTY_MI,3
LENAWEE_COUNTY_MI,4
WASHTENAW_COUNTY_MI,4
LIVINGSTON_COUNTY_MI,4
LAPEER_COUNTY_MI,5
GENESEE_COUNTY_MI,5
SHIAWASSEE_COUNTY_MI,5
HURON_COUNTY_MI,6
SANILAC_COUNTY_MI,6
TUSCOLA_COUNTY_MI,6
CLINTON_COUNTY_MI,7
EATON_COUNTY_MI,7
HILLSDALE_COUNTY_MI,7
INGHAM_COUNTY_MI,7
JACKSON_COUNTY_MI,7
ARENAC_COUNTY_MI,8
GRATIOT_COUNTY_MI,8
SAGINAW_COUNTY_MI,8
BAY_COUNTY_MI,8
BERRIEN_COUNTY_MI,9
ST_JOSEPH_COUNTY_MI,9
CASS_COUNTY_MI,9
VAN_BUREN_COUNTY_MI,9
BRANCH_COUNTY_MI,10
CALHOUN_COUNTY_MI,10
KALAMAZOO_COUNTY_MI,10
ALLEGAN_COUNTY_MI,11
BARRY_COUNTY_MI,11
IONIA_COUNTY_MI,12
KENT_COUNTY_MI,12
LAKE_COUNTY_MI,12
MASON_COUNTY_MI,12
MECOSTA_COUNTY_MI,12
MONTCALM_COUNTY_MI,12
MUSKEGON_COUNTY_MI,12
NEWAYGO_COUNTY_MI,12
OCEANA_COUNTY_MI,12
OSCEOLA_COUNTY_MI,12
OTTAWA_COUNTY_MI,12
GLADWIN_COUNTY_MI,13
CLARE_COUNTY_MI,13
ISABELLA_COUNTY_MI,13
MIDLAND_COUNTY_MI,13
ANTRIM_COUNTY_MI,14
BENZIE_COUNTY_MI,14
CHARLEVOIX_COUNTY_MI,14
EMMET_COUNTY_MI,14
GRAND_TRAVERSE_COUNTY_MI,14
MANISTEE_COUNTY_MI,14
KALKASKA_COUNTY_MI,14
MISSAUKEE_COUNTY_MI,14
WEXFORD_COUNTY_MI,14
LEELANAU_COUNTY_MI,14
ALCONA_COUNTY_MI,15
ALPENA_COUNTY_MI,15
CHEBOYGAN_COUNTY_MI,15
CHIPPEWA_COUNTY_MI,15
CRAWFORD_COUNTY_MI,15
IOSCO_COUNTY_MI,15
MACKINAC_COUNTY_MI,15
MONTMORENCY_COUNTY_MI,15
OGEMAW_COUNTY_MI,15
OSCODA_COUNTY_MI,15
OTSEGO_COUNTY_MI,15
PRESQUE_ISLE_COUNTY_MI,15
ROSCOMMON_COUNTY_MI,15
ALGER_COUNTY_MI,16
BARAGA_COUNTY_MI,16
DELTA_COUNTY_MI,16
DICKINSON_COUNTY_MI,16
GOGEBIC_COUNTY_MI,16
HOUGHTON_COUNTY_MI,16
IRON_COUNTY_MI,16
KEWEENAW_COUNTY_MI,16
LUCE_COUNTY_MI,16
MARQUETTE_COUNTY_MI,16
MENOMINEE_COUNTY_MI,16
ONTONAGON_COUNTY_MI,16
SCHOOLCRAFT_COUNTY_MI,16
DODGE_COUNTY_MN,1
FILLMORE_COUNTY_MN,1
FREEBORN_COUNTY_MN,1
GOODHUE_COUNTY_MN,1
HOUSTON_COUNTY_MN,1
MOWER_COUNTY_MN,1
OLMSTED_COUNTY_MN,1
STEELE_COUNTY_MN,1
WABASHA_COUNTY_MN,1
WINONA_COUNTY_MN,1
CARLTON_COUNTY_MN,2
COOK_COUNTY_MN,2
ITASCA_COUNTY_MN,2
KOOCHICHING_COUNTY_MN,2
LAKE_COUNTY_MN,2
LAKE_OF_THE_WOODS_COUNTY_MN,2
ST_LOUIS_COUNTY_MN,2
BLUE_EARTH_COUNTY_MN,3
FARIBAULT_COUNTY_MN,3
WASECA_COUNTY_MN,3
LE_SUEUR_COUNTY_MN,3
MARTIN_COUNTY_MN,3
NICOLLET_COUNTY_MN,3
RICE_COUNTY_MN,3
WATONWAN_COUNTY_MN,3
BROWN_COUNTY_MN,4
COTTONWOOD_COUNTY_MN,4
JACKSON_COUNTY_MN,4
LINCOLN_COUNTY_MN,4
MURRAY_COUNTY_MN,4
NOBLES_COUNTY_MN,4
PIPESTONE_COUNTY_MN,4
REDWOOD_COUNTY_MN,4
ROCK_COUNTY_MN,4
CHIPPEWA_COUNTY_MN,5
BIG_STONE_COUNTY_MN,5
KANDIYOHI_COUNTY_MN,5
LAC_QUI_PARLE_COUNTY_MN,5
LYON_COUNTY_MN,5
MCLEOD_COUNTY_MN,5
MEEKER_COUNTY_MN,5
RENVILLE_COUNTY_MN,5
SIBLEY_COUNTY_MN,5
SWIFT_COUNTY_MN,5
YELLOW_MEDICINE_COUNTY_MN,5
BECKER_COUNTY_MN,6
CLAY_COUNTY_MN,6
DOUGLAS_COUNTY_MN,6
GRANT_COUNTY_MN,6
OTTER_TAIL_COUNTY_MN,6
POPE_COUNTY_MN,6
STEVENS_COUNTY_MN,6
TRAVERSE_COUNTY_MN,6
WILKIN_COUNTY_MN,6
AITKIN_COUNTY_MN,7
BELTRAMI_COUNTY_MN,7
CASS_COUNTY_MN,7
CHISAGO_COUNTY_MN,7
CROW_WING_COUNTY_MN,7
HUBBARD_COUNTY_MN,7
ISANTI_COUNTY_MN,7
KANABEC_COUNTY_MN,7
MILLE_LACS_COUNTY_MN,7
MORRISON_COUNTY_MN,7
PINE_COUNTY_MN,7
ROSEAU_COUNTY_MN,7
TODD_COUNTY_MN,7
WADENA_COUNTY_MN,7
ANOKA_COUNTY_MN,8
BENTON_COUNTY_MN,8
CARVER_COUNTY_MN,8
DAKOTA_COUNTY_MN,8
HENNEPIN_COUNTY_MN,8
RAMSEY_COUNTY_MN,8
SCOTT_COUNTY_MN,8
SHERBURNE_COUNTY_MN,8
STEARNS_COUNTY_MN,8
WASHINGTON_COUNTY_MN,8
WRIGHT_COUNTY_MN,8
CLEARWATER_COUNTY_MN,9
KITTSON_COUNTY_MN,9
MAHNOMEN_COUNTY_MN,9
MARSHALL_COUNTY_MN,9
NORMAN_COUNTY_MN,9
PENNINGTON_COUNTY_MN,9
POLK_COUNTY_MN,9
RED_LAKE_COUNTY_MN,9
ATCHISON_COUNTY_MO,1
NODAWAY_COUNTY_MO,1
HOLT_COUNTY_MO,1
ANDREW_COUNTY_MO,1
BUCHANAN_COUNTY_MO,1
WORTH_COUNTY_MO,1
GENTRY_COUNTY_MO,1
DEKALB_COUNTY_MO,1
CLINTON_COUNTY_MO,1
HARRISON_COUNTY_MO,1
DAVIESS_COUNTY_MO,1
CALDWELL_COUNTY_MO,1
RAY_COUNTY_MO,1
MERCER_COUNTY_MO,1
GRUNDY_COUNTY_MO,1
LIVINGSTON_COUNTY_MO,1
CARROLL_COUNTY_MO,1
PUTNAM_COUNTY_MO,2
SULLIVAN_COUNTY_MO,2
LINN_COUNTY_MO,2
SCHUYLER_COUNTY_MO,2
ADAIR_COUNTY_MO,2
MACON_COUNTY_MO,2
SCOTLAND_COUNTY_MO,2
KNOX_COUNTY_MO,2
SHELBY_COUNTY_MO,2
CLARK_COUNTY_MO,2
LEWIS_COUNTY_MO,2
MARION_COUNTY_MO,2
RALLS_COUNTY_MO,2
PIKE_COUNTY_MO,2
PLATTE_COUNTY_MO,3
CLAY_COUNTY_MO,3
JACKSON_COUNTY_MO,3
CASS_COUNTY_MO,3
BATES_COUNTY_MO,4
VERNON_COUNTY_MO,4
LAFAYETTE_COUNTY_MO,4
JOHNSON_COUNTY_MO,4
HENRY_COUNTY_MO,4
ST_CLAIR_COUNTY_MO,4
SALINE_COUNTY_MO,4
PETTIS_COUNTY_MO,4
BENTON_COUNTY_MO,4
CHARITON_COUNTY_MO,5
RANDOLPH_COUNTY_MO,5
MONROE_COUNTY_MO,5
HOWARD_COUNTY_MO,5
BOONE_COUNTY_MO,5
AUDRAIN_COUNTY_MO,5
COOPER_COUNTY_MO,5
MORGAN_COUNTY_MO,5
CAMDEN_COUNTY_MO,5
MONITEAU_COUNTY_MO,5
COLE_COUNTY_MO,5
MILLER_COUNTY_MO,5
CALLAWAY_COUNTY_MO,5
OSAGE_COUNTY_MO,5
MARIES_COUNTY_MO,5
MONTGOMERY_COUNTY_MO,5
GASCONADE_COUNTY_MO,5
LINCOLN_COUNTY_MO,6
WARREN_COUNTY_MO,6
ST_CHARLES_COUNTY_MO,6
ST_LOUIS_COUNTY_MO,6
ST_LOUIS_CITY_MO,6
FRANKLIN_COUNTY_MO,6
JEFFERSON_COUNTY_MO,6
WASHINGTON_COUNTY_MO,6
ST_FRANCOIS_COUNTY_MO,6
STE_GENEVIEVE_COUNTY_MO,6
BARTON_COUNTY_MO,7
JASPER_COUNTY_MO,7
NEWTON_COUNTY_MO,7
MCDONALD_COUNTY_MO,7
CEDAR_COUNTY_MO,8
DADE_COUNTY_MO,8
LAWRENCE_COUNTY_MO,8
BARRY_COUNTY_MO,8
HICKORY_COUNTY_MO,8
POLK_COUNTY_MO,8
GREENE_COUNTY_MO,8
CHRISTIAN_COUNTY_MO,8
STONE_COUNTY_MO,8
TANEY_COUNTY_MO,8
DALLAS_COUNTY_MO,8
LACLEDE_COUNTY_MO,8
WEBSTER_COUNTY_MO,8
WRIGHT_COUNTY_MO,8
DOUGLAS_COUNTY_MO,8
OZARK_COUNTY_MO,8
PULASKI_COUNTY_MO,9
PHELPS_COUNTY_MO,9
CRAWFORD_COUNTY_MO,9
TEXAS_COUNTY_MO,9
DENT_COUNTY_MO,9
REYNOLDS_COUNTY_MO,9
IRON_COUNTY_MO,9
SHANNON_COUNTY_MO,9
CARTER_COUNTY_MO,9
HOWELL_COUNTY_MO,9
OREGON_COUNTY_MO,9
RIPLEY_COUNTY_MO,9
PERRY_COUNTY_MO,10
MADISON_COUNTY_MO,10
BOLLINGER_COUNTY_MO,10
CAPE_GIRARDEAU_COUNTY_MO,10
WAYNE_COUNTY_MO,10
BUTLER_COUNTY_MO,10
STODDARD_COUNTY_MO,10
SCOTT_COUNTY_MO,10
MISSISSIPPI_COUNTY_MO,10
NEW_MADRID_COUNTY_MO,10
PEMISCOT_COUNTY_MO,10
DUNKLIN_COUNTY_MO,10
TUNICA_COUNTY_MS,1
TATE_COUNTY_MS,1
MARSHALL_COUNTY_MS,1
DESOTO_COUNTY_MS,1
BENTON_COUNTY_MS,2
TIPPAH_COUNTY_MS,2
UNION_COUNTY_MS,2
PONTOTOC_COUNTY_MS,2
LEE_COUNTY_MS,2
ITAWAMBA_COUNTY_MS,2
WARREN_COUNTY_MS,3
MADISON_COUNTY_MS,3
HINDS_COUNTY_MS,3
RANKIN_COUNTY_MS,3
COPIAH_COUNTY_MS,3
SIMPSON_COUNTY_MS,3
LAMAR_COUNTY_MS,4
FORREST_COUNTY_MS,4
PERRY_COUNTY_MS,4
GREENE_COUNTY_MS,4
PEARL_RIVER_COUNTY_MS,4
JONES_COUNTY_MS,4
STONE_COUNTY_MS,5
GEORGE_COUNTY_MS,5
HANCOCK_COUNTY_MS,5
HARRISON_COUNTY_MS,5
JACKSON_COUNTY_MS,5
ALCORN_COUNTY_MS,6
AMITE_COUNTY_MS,6
ATTALA_COUNTY_MS,6
BOLIVAR_COUNTY_MS,6
CALHOUN_COUNTY_MS,6
CARROLL_COUNTY_MS,6
CHICKASAW_COUNTY_MS,6
CLAIBORNE_COUNTY_MS,6
CLARKE_COUNTY_MS,6
CLAY_COUNTY_MS,6
COAHOMA_COUNTY_MS,6
COVINGTON_COUNTY_MS,6
FRANKLIN_COUNTY_MS,6
GRENADA_COUNTY_MS,6
HOLMES_COUNTY_MS,6
HUMPHREYS_COUNTY_MS,6
ISSAQUENA_COUNTY_MS,6
JASPER_COUNTY_MS,6
JEFFERSON_COUNTY_MS,6
JEFFERSON_DAVIS_COUNTY_MS,6
KEMPER_COUNTY_MS,6
LAFAYETTE_COUNTY_MS,6
LAUDERDALE_COUNTY_MS,6
LAWRENCE_COUNTY_MS,6
LEAKE_COUNTY_MS,6
LEFLORE_COUNTY_MS,6
LINCOLN_COUNTY_MS,6
LOWNDES_COUNTY_MS,6
MARION_COUNTY_MS,6
MONROE_COUNTY_MS,6
MONTGOMERY_COUNTY_MS,6
NEWTON_COUNTY_MS,6
NOXUBEE_COUNTY_MS,6
OKTIBBEHA_COUNTY_MS,6
PANOLA_COUNTY_MS,6
PIKE_COUNTY_MS,6
PRENTISS_COUNTY_MS,6
QUITMAN_COUNTY_MS,6
SCOTT_COUNTY_MS,6
SHARKEY_COUNTY_MS,6
SMITH_COUNTY_MS,6
SUNFLOWER_COUNTY_MS,6
TALLAHATCHIE_COUNTY_MS,6
TISHOMINGO_COUNTY_MS,6
WASHINGTON_COUNTY_MS,6
WAYNE_COUNTY_MS,6
WEBSTER_COUNTY_MS,6
WILKINSON_COUNTY_MS,6
WINSTON_COUNTY_MS,6
YALOBUSHA_COUNTY_MS,6
YAZOO_COUNTY_MS,6
MUSSELSHELL_COUNTY_MT,1
YELLOWSTONE_COUNTY_MT,1
CARBON_COUNTY_MT,1
STILLWATER_COUNTY_MT,1
SWEET_GRASS_COUNTY_MT,1
CHOUTEAU_COUNTY_MT,2
TETON_COUNTY_MT,2
LEWIS_AND_CLARK_COUNTY_MT,2
BROADWATER_COUNTY_MT,2
JEFFERSON_COUNTY_MT,2
DEER_LODGE_COUNTY_MT,2
SILVER_BOW_COUNTY_MT,2
GALLATIN_COUNTY_MT,2
CASCADE_COUNTY_MT,2
JUDITH_BASIN_COUNTY_MT,2
FLATHEAD_COUNTY_MT,3
LAKE_COUNTY_MT,3
MISSOULA_COUNTY_MT,3
BEAVERHEAD_COUNTY_MT,4
BIG_HORN_COUNTY_MT,4
BLAINE_COUNTY_MT,4
CARTER_COUNTY_MT,4
CUSTER_COUNTY_MT,4
DANIELS_COUNTY_MT,4
DAWSON_COUNTY_MT,4
FALLON_COUNTY_MT,4
FERGUS_COUNTY_MT,4
GARFIELD_COUNTY_MT,4
GLACIER_COUNTY_MT,4
GOLDEN_VALLEY_COUNTY_MT,4
GRANITE_COUNTY_MT,4
PHILLIPS_COUNTY_MT,4
LIBERTY_COUNTY_MT,4
LINCOLN_COUNTY_MT,4
MADISON_COUNTY_MT,4
MCCONE_COUNTY_MT,4
MEAGHER_COUNTY_MT,4
MINERAL_COUNTY_MT,4
PARK_COUNTY_MT,4
PETROLEUM_COUNTY_MT,4
PONDERA_COUNTY_MT,4
POWDER_RIVER_COUNTY_MT,4
POWELL_COUNTY_MT,4
PRAIRIE_COUNTY_MT,4
RAVALLI_COUNTY_MT,4
RICHLAND_COUNTY_MT,4
ROOSEVELT_COUNTY_MT,4
ROSEBUD_COUNTY_MT,4
SANDERS_COUNTY_MT,4
SHERIDAN_COUNTY_MT,4
TOOLE_COUNTY_MT,4
TREASURE_COUNTY_MT,4
WHEATLAND_COUNTY_MT,4
WIBAUX_COUNTY_MT,4
AVERY_COUNTY_NC,1
BUNCOMBE_COUNTY_NC,1
CHEROKEE_COUNTY_NC,1
CLAY_COUNTY_NC,1
GRAHAM_COUNTY_NC,1
HAYWOOD_COUNTY_NC,1
HENDERSON_COUNTY_NC,1
JACKSON_COUNTY_NC,1
MCDOWELL_COUNTY_NC,1
MACON_COUNTY_NC,1
MADISON_COUNTY_NC,1
POLK_COUNTY_NC,1
RUTHERFORD_COUNTY_NC,1
SWAIN_COUNTY_NC,1
TRANSYLVANIA_COUNTY_NC,1
YANCEY_COUNTY_NC,1
ALEXANDER_COUNTY_NC,2
BURKE_COUNTY_NC,2
CALDWELL_COUNTY_NC,2
IREDELL_COUNTY_NC,2
CATAWBA_COUNTY_NC,2
ALLEGHANY_COUNTY_NC,3
ASHE_COUNTY_NC,3
WATAUGA_COUNTY_NC,3
WILKES_COUNTY_NC,3
ANSON_COUNTY_NC,4
CABARRUS_COUNTY_NC,4
MECKLENBURG_COUNTY_NC,4
ROWAN_COUNTY_NC,4
STANLY_COUNTY_NC,4
UNION_COUNTY_NC,4
CLEVELAND_COUNTY_NC,5
GASTON_COUNTY_NC,5
LINCOLN_COUNTY_NC,5
DAVIDSON_COUNTY_NC,6
DAVIE_COUNTY_NC,6
FORSYTH_COUNTY_NC,6
STOKES_COUNTY_NC,6
SURRY_COUNTY_NC,6
YADKIN_COUNTY_NC,6
GUILFORD_COUNTY_NC,7
RANDOLPH_COUNTY_NC,7
ROCKINGHAM_COUNTY_NC,7
MONTGOMERY_COUNTY_NC,8
MOORE_COUNTY_NC,8
BLADEN_COUNTY_NC,9
CUMBERLAND_COUNTY_NC,9
HARNETT_COUNTY_NC,9
HOKE_COUNTY_NC,9
RICHMOND_COUNTY_NC,9
ROBESON_COUNTY_NC,9
SAMPSON_COUNTY_NC,9
SCOTLAND_COUNTY_NC,9
GRANVILLE_COUNTY_NC,10
VANCE_COUNTY_NC,10
WARREN_COUNTY_NC,10
ALAMANCE_COUNTY_NC,11
CASWELL_COUNTY_NC,11
CHATHAM_COUNTY_NC,11
DURHAM_COUNTY_NC,11
LEE_COUNTY_NC,11
ORANGE_COUNTY_NC,11
PERSON_COUNTY_NC,11
BERTIE_COUNTY_NC,12
CAMDEN_COUNTY_NC,12
CHOWAN_COUNTY_NC,12
CURRITUCK_COUNTY_NC,12
GATES_COUNTY_NC,12
HALIFAX_COUNTY_NC,12
HERTFORD_COUNTY_NC,12
MARTIN_COUNTY_NC,12
NORTHAMPTON_COUNTY_NC,12
PERQUIMANS_COUNTY_NC,12
FRANKLIN_COUNTY_NC,13
JOHNSTON_COUNTY_NC,13
WAKE_COUNTY_NC,13
EDGECOMBE_COUNTY_NC,14
GREENE_COUNTY_NC,14
NASH_COUNTY_NC,14
PITT_COUNTY_NC,14
WILSON_COUNTY_NC,14
WAYNE_COUNTY_NC,14
BRUNSWICK_COUNTY_NC,15
COLUMBUS_COUNTY_NC,15
DUPLIN_COUNTY_NC,15
NEW_HANOVER_COUNTY_NC,15
ONSLOW_COUNTY_NC,15
PENDER_COUNTY_NC,15
BEAUFORT_COUNTY_NC,16
CARTERET_COUNTY_NC,16
CRAVEN_COUNTY_NC,16
DARE_COUNTY_NC,16
HYDE_COUNTY_NC,16
JONES_COUNTY_NC,16
PAMLICO_COUNTY_NC,16
TYRRELL_COUNTY_NC,16
WASHINGTON_COUNTY_NC,16
LENOIR_COUNTY_NC,16
BURLEIGH_COUNTY_ND,1
MORTON_COUNTY_ND,1
CASS_COUNTY_ND,2
GRAND_FORKS_COUNTY_ND,3
ADAMS_COUNTY_ND,4
BARNES_COUNTY_ND,4
BENSON_COUNTY_ND,4
BILLINGS_COUNTY_ND,4
BOTTINEAU_COUNTY_ND,4
BOWMAN_COUNTY_ND,4
BURKE_COUNTY_ND,4
CAVALIER_COUNTY_ND,4
DICKEY_COUNTY_ND,4
DIVIDE_COUNTY_ND,4
DUNN_COUNTY_ND,4
EDDY_COUNTY_ND,4
EMMONS_COUNTY_ND,4
FOSTER_COUNTY_ND,4
GOLDEN_VALLEY_COUNTY_ND,4
GRANT_COUNTY_ND,4
GRIGGS_COUNTY_ND,4
HETTINGER_COUNTY_ND,4
KIDDER_COUNTY_ND,4
LAMOURE_COUNTY_ND,4
LOGAN_COUNTY_ND,4
MCHENRY_COUNTY_ND,4
MCINTOSH_COUNTY_ND,4
MCKENZIE_COUNTY_ND,4
MCLEAN_COUNTY_ND,4
MERCER_COUNTY_ND,4
MOUNTRAIL_COUNTY_ND,4
NELSON_COUNTY_ND,4
OLIVER_COUNTY_ND,4
PEMBINA_COUNTY_ND,4
PIERCE_COUNTY_ND,4
RAMSEY_COUNTY_ND,4
RANSOM_COUNTY_ND,4
RENVILLE_COUNTY_ND,4
RICHLAND_COUNTY_ND,4
ROLETTE_COUNTY_ND,4
SARGENT_COUNTY_ND,4
SHERIDAN_COUNTY_ND,4
SIOUX_COUNTY_ND,4
SLOPE_COUNTY_ND,4
STARK_COUNTY_ND,4
STEELE_COUNTY_ND,4
STUTSMAN_COUNTY_ND,4
TOWNER_COUNTY_ND,4
TRAILL_COUNTY_ND,4
WALSH_COUNTY_ND,4
WARD_COUNTY_ND,4
WELLS_COUNTY_ND,4
WILLIAMS_COUNTY_ND,4
680,1
681,1
683,2
684,2
685,2
686,3
687,3
688,3
689,3
690,4
691,4
692,4
693,4
ROCKINGHAM_COUNTY_NH,1
STRAFFORD_COUNTY_NH,1
HILLSBOROUGH_COUNTY_NH,1
BELKNAP_COUNTY_NH,1
CARROLL_COUNTY_NH,1
CHESHIRE_COUNTY_NH,1
COOS_COUNTY_NH,1
GRAFTON_COUNTY_NH,1
MERRIMACK_COUNTY_NH,1
SULLIVAN_COUNTY_NH,1
WARREN_COUNTY_NJ,1
ATLANTIC_COUNTY_NJ,1
BERGEN_COUNTY_NJ,1
ESSEX_COUNTY_NJ,1
HUDSON_COUNTY_NJ,1
HUNTERDON_COUNTY_NJ,1
MIDDLESEX_COUNTY_NJ,1
MONMOUTH_COUNTY_NJ,1
MORRIS_COUNTY_NJ,1
OCEAN_COUNTY_NJ,1
PASSAIC_COUNTY_NJ,1
SOMERSET_COUNTY_NJ,1
SUSSEX_COUNTY_NJ,1
UNION_COUNTY_NJ,1
CAPE_MAY_COUNTY_NJ,1
BURLINGTON_COUNTY_NJ,1
CAMDEN_COUNTY_NJ,1
GLOUCESTER_COUNTY_NJ,1
SALEM_COUNTY_NJ,1
MERCER_COUNTY_NJ,1
CUMBERLAND_COUNTY_NJ,1
BERNALILLO_COUNTY_NM,1
SANDOVAL_COUNTY_NM,1
TORRANCE_COUNTY_NM,1
VALENCIA_COUNTY_NM,1
SAN_JUAN_COUNTY_NM,2
SANTA_FE_COUNTY_NM,4
CATRON_COUNTY_NM,5
CHAVES_COUNTY_NM,5
CIBOLA_COUNTY_NM,5
COLFAX_COUNTY_NM,5
CURRY_COUNTY_NM,5
DE_BACA_COUNTY_NM,5
EDDY_COUNTY_NM,5
GRANT_COUNTY_NM,5
GUADALUPE_COUNTY_NM,5
HARDING_COUNTY_NM,5
HIDALGO_COUNTY_NM,5
LEA_COUNTY_NM,5
LINCOLN_COUNTY_NM,5
LUNA_COUNTY_NM,5
MCKINLEY_COUNTY_NM,5
MORA_COUNTY_NM,5
OTERO_COUNTY_NM,5
QUAY_COUNTY_NM,5
RIO_ARRIBA_COUNTY_NM,5
ROOSEVELT_COUNTY_NM,5
SAN_MIGUEL_COUNTY_NM,5
SIERRA_COUNTY_NM,5
SOCORRO_COUNTY_NM,5
TAOS_COUNTY_NM,5
UNION_COUNTY_NM,5
NYE_COUNTY_NV,1
CLARK_COUNTY_NV,1
WASHOE_COUNTY_NV,2
CARSON_CITY_NV,3
DOUGLAS_COUNTY_NV,3
LYON_COUNTY_NV,3
STOREY_COUNTY_NV,3
ESMERALDA_COUNTY_NV,4
EUREKA_COUNTY_NV,4
HUMBOLDT_COUNTY_NV,4
LANDER_COUNTY_NV,4
LINCOLN_COUNTY_NV,4
ELKO_COUNTY_NV,4
MINERAL_COUNTY_NV,4
PERSHING_COUNTY_NV,4
WHITE_PINE_COUNTY_NV,4
ALBANY_COUNTY_NY,1
RENSSELAER_COUNTY_NY,1
SARATOGA_COUNTY_NY,1
SCHENECTADY_COUNTY_NY,1
COLUMBIA_COUNTY_NY,1
FULTON_COUNTY_NY,1
GREENE_COUNTY_NY,1
MONTGOMERY_COUNTY_NY,1
WARREN_COUNTY_NY,1
WASHINGTON_COUNTY_NY,1
SCHOHARIE_COUNTY_NY,1
ALLEGANY_COUNTY_NY,2
CATTARAUGUS_COUNTY_NY,2
CHAUTAUQUA_COUNTY_NY,2
ERIE_COUNTY_NY,2
GENESEE_COUNTY_NY,2
NIAGARA_COUNTY_NY,2
ORLEANS_COUNTY_NY,2
WYOMING_COUNTY_NY,2
DELAWARE_COUNTY_NY,3
DUTCHESS_COUNTY_NY,3
ORANGE_COUNTY_NY,3
PUTNAM_COUNTY_NY,3
SULLIVAN_COUNTY_NY,3
ULSTER_COUNTY_NY,3
QUEENS_COUNTY_NY,4
RICHMOND_COUNTY_NY,4
ROCKLAND_COUNTY_NY,4
NEW_YORK_COUNTY_NY,4
KINGS_COUNTY_NY,4
BRONX_COUNTY_NY,4
WESTCHESTER_COUNTY_NY,4
LIVINGSTON_COUNTY_NY,5
MONROE_COUNTY_NY,5
ONTARIO_COUNTY_NY,5
SENECA_COUNTY_NY,5
WAYNE_COUNTY_NY,5
YATES_COUNTY_NY,5
ONONDAGA_COUNTY_NY,6
BROOME_COUNTY_NY,6
CHEMUNG_COUNTY_NY,6
CORTLAND_COUNTY_NY,6
SCHUYLER_COUNTY_NY,6
TIOGA_COUNTY_NY,6
CAYUGA_COUNTY_NY,6
STEUBEN_COUNTY_NY,6
TOMPKINS_COUNTY_NY,6
CHENANGO_COUNTY_NY,7
CLINTON_COUNTY_NY,7
HAMILTON_COUNTY_NY,7
ESSEX_COUNTY_NY,7
FRANKLIN_COUNTY_NY,7
HERKIMER_COUNTY_NY,7
JEFFERSON_COUNTY_NY,7
LEWIS_COUNTY_NY,7
MADISON_COUNTY_NY,7
ONEIDA_COUNTY_NY,7
OSWEGO_COUNTY_NY,7
OTSEGO_COUNTY_NY,7
ST_LAWRENCE_COUNTY_NY,7
NASSAU_COUNTY_NY,8
SUFFOLK_COUNTY_NY,8
WILLIAMS_COUNTY_OH,1
FULTON_COUNTY_OH,1
LUCAS_COUNTY_OH,1
DEFIANCE_COUNTY_OH,1
HENRY_COUNTY_OH,1
WOOD_COUNTY_OH,1
PAULDING_COUNTY_OH,2
PUTNAM_COUNTY_OH,2
HANCOCK_COUNTY_OH,2
VAN_WERT_COUNTY_OH,2
ALLEN_COUNTY_OH,2
HARDIN_COUNTY_OH,2
MERCER_COUNTY_OH,2
AUGLAIZE_COUNTY_OH,2
DARKE_COUNTY_OH,3
SHELBY_COUNTY_OH,3
MIAMI_COUNTY_OH,3
CHAMPAIGN_COUNTY_OH,3
CLARK_COUNTY_OH,3
PREBLE_COUNTY_OH,3
MONTGOMERY_COUNTY_OH,3
GREENE_COUNTY_OH,3
BUTLER_COUNTY_OH,4
WARREN_COUNTY_OH,4
HAMILTON_COUNTY_OH,4
CLINTON_COUNTY_OH,5
HIGHLAND_COUNTY_OH,5
CLERMONT_COUNTY_OH,5
BROWN_COUNTY_OH,5
ADAMS_COUNTY_OH,5
OTTAWA_COUNTY_OH,6
SANDUSKY_COUNTY_OH,6
ERIE_COUNTY_OH,6
SENECA_COUNTY_OH,6
HURON_COUNTY_OH,6
WYANDOT_COUNTY_OH,6
CRAWFORD_COUNTY_OH,7
RICHLAND_COUNTY_OH,7
MARION_COUNTY_OH,8
MORROW_COUNTY_OH,8
LOGAN_COUNTY_OH,9
UNION_COUNTY_OH,9
DELAWARE_COUNTY_OH,9
KNOX_COUNTY_OH,9
LICKING_COUNTY_OH,9
FRANKLIN_COUNTY_OH,9
MADISON_COUNTY_OH,9
FAIRFIELD_COUNTY_OH,9
PICKAWAY_COUNTY_OH,9
FAYETTE_COUNTY_OH,9
ROSS_COUNTY_OH,10
VINTON_COUNTY_OH,10
PIKE_COUNTY_OH,10
JACKSON_COUNTY_OH,10
SCIOTO_COUNTY_OH,10
LAWRENCE_COUNTY_OH,10
Galia,10
LORAIN_COUNTY_OH,11
CUYAHOGA_COUNTY_OH,11
LAKE_COUNTY_OH,11
GEAUGA_COUNTY_OH,11
ASHTABULA_COUNTY_OH,11
ASHLAND_COUNTY_OH,12
MEDINA_COUNTY_OH,12
SUMMIT_COUNTY_OH,12
PORTAGE_COUNTY_OH,12
TRUMBULL_COUNTY_OH,13
MAHONING_COUNTY_OH,13
COLUMBIANA_COUNTY_OH,13
WAYNE_COUNTY_OH,14
HOLMES_COUNTY_OH,14
STARK_COUNTY_OH,15
CARROLL_COUNTY_OH,15
COSHOCTON_COUNTY_OH,16
TUSCARAWAS_COUNTY_OH,16
HARRISON_COUNTY_OH,16
JEFFERSON_COUNTY_OH,16
MUSKINGUM_COUNTY_OH,16
GUERNSEY_COUNTY_OH,16
BELMONT_COUNTY_OH,16
PERRY_COUNTY_OH,16
MORGAN_COUNTY_OH,16
NOBLE_COUNTY_OH,16
MONROE_COUNTY_OH,16
HOCKING_COUNTY_OH,17
ATHENS_COUNTY_OH,17
WASHINGTON_COUNTY_OH,17
MEIGS_COUNTY_OH,17
LE_FLORE_COUNTY_OK,1
SEQUOYAH_COUNTY_OK,1
COMANCHE_COUNTY_OK,2
CANADIAN_COUNTY_OK,3
CLEVELAND_COUNTY_OK,3
GRADY_COUNTY_OK,3
LINCOLN_COUNTY_OK,3
LOGAN_COUNTY_OK,3
MCCLAIN_COUNTY_OK,3
OKLAHOMA_COUNTY_OK,3
CREEK_COUNTY_OK,4
OKMULGEE_COUNTY_OK,4
OSAGE_COUNTY_OK,4
PAWNEE_COUNTY_OK,4
ROGERS_COUNTY_OK,4
TULSA_COUNTY_OK,4
WAGONER_COUNTY_OK,4
ADAIR_COUNTY_OK,5
ALFALFA_COUNTY_OK,5
ATOKA_COUNTY_OK,5
BEAVER_COUNTY_OK,5
BECKHAM_COUNTY_OK,5
BLAINE_COUNTY_OK,5
BRYAN_COUNTY_OK,5
CADDO_COUNTY_OK,5
CARTER_COUNTY_OK,5
CHEROKEE_COUNTY_OK,5
CHOCTAW_COUNTY_OK,5
CIMARRON_COUNTY_OK,5
COAL_COUNTY_OK,5
COTTON_COUNTY_OK,5
CRAIG_COUNTY_OK,5
CUSTER_COUNTY_OK,5
DELAWARE_COUNTY_OK,5
DEWEY_COUNTY_OK,5
ELLIS_COUNTY_OK,5
GARFIELD_COUNTY_OK,5
GARVIN_COUNTY_OK,5
GRANT_COUNTY_OK,5
GREER_COUNTY_OK,5
HARMON_COUNTY_OK,5
HARPER_COUNTY_OK,5
HASKELL_COUNTY_OK,5
HUGHES_COUNTY_OK,5
JACKSON_COUNTY_OK,5
JEFFERSON_COUNTY_OK,5
JOHNSTON_COUNTY_OK,5
KAY_COUNTY_OK,5
KINGFISHER_COUNTY_OK,5
KIOWA_COUNTY_OK,5
LATIMER_COUNTY_OK,5
LOVE_COUNTY_OK,5
MAJOR_COUNTY_OK,5
MARSHALL_COUNTY_OK,5
MAYES_COUNTY_OK,5
MCCURTAIN_COUNTY_OK,5
MCINTOSH_COUNTY_OK,5
MURRAY_COUNTY_OK,5
MUSKOGEE_COUNTY_OK,5
NOBLE_COUNTY_OK,5
NOWATA_COUNTY_OK,5
OKFUSKEE_COUNTY_OK,5
POTTAWATOMIE_COUNTY_OK,5
PAYNE_COUNTY_OK,5
PITTSBURG_COUNTY_OK,5
PONTOTOC_COUNTY_OK,5
PUSHMATAHA_COUNTY_OK,5
ROGER_MILLS_COUNTY_OK,5
SEMINOLE_COUNTY_OK,5
STEPHENS_COUNTY_OK,5
TEXAS_COUNTY_OK,5
TILLMAN_COUNTY_OK,5
WASHINGTON_COUNTY_OK,5
WASHITA_COUNTY_OK,5
WOODS_COUNTY_OK,5
WOODWARD_COUNTY_OK,5
CLACKAMAS_COUNTY_OR,1
MULTNOMAH_COUNTY_OR,1
WASHINGTON_COUNTY_OR,1
YAMHILL_COUNTY_OR,1
BENTON_COUNTY_OR,2
LANE_COUNTY_OR,2
LINN_COUNTY_OR,2
MARION_COUNTY_OR,3
POLK_COUNTY_OR,3
DESCHUTES_COUNTY_OR,4
KLAMATH_COUNTY_OR,4
LAKE_COUNTY_OR,4
CLATSOP_COUNTY_OR,5
COLUMBIA_COUNTY_OR,5
COOS_COUNTY_OR,5
CURRY_COUNTY_OR,5
LINCOLN_COUNTY_OR,5
TILLAMOOK_COUNTY_OR,5
BAKER_COUNTY_OR,6
CROOK_COUNTY_OR,6
GILLIAM_COUNTY_OR,6
GRANT_COUNTY_OR,6
HARNEY_COUNTY_OR,6
HOOD_RIVER_COUNTY_OR,6
JEFFERSON_COUNTY_OR,6
MALHEUR_COUNTY_OR,6
MORROW_COUNTY_OR,6
SHERMAN_COUNTY_OR,6
UMATILLA_COUNTY_OR,6
UNION_COUNTY_OR,6
WALLOWA_COUNTY_OR,6
WASCO_COUNTY_OR,6
WHEELER_COUNTY_OR,6
DOUGLAS_COUNTY_OR,7
JACKSON_COUNTY_OR,7
JOSEPHINE_COUNTY_OR,7
ERIE_COUNTY_PA,1
CRAWFORD_COUNTY_PA,1
MERCER_COUNTY_PA,1
VENANGO_COUNTY_PA,1
CLARION_COUNTY_PA,1
FOREST_COUNTY_PA,1
WARREN_COUNTY_PA,1
MCKEAN_COUNTY_PA,1
ELK_COUNTY_PA,2
CAMERON_COUNTY_PA,2
POTTER_COUNTY_PA,2
TIOGA_COUNTY_PA,3
CLINTON_COUNTY_PA,3
LYCOMING_COUNTY_PA,3
SULLIVAN_COUNTY_PA,3
BRADFORD_COUNTY_PA,3
SUSQUEHANNA_COUNTY_PA,3
WYOMING_COUNTY_PA,3
LACKAWANNA_COUNTY_PA,3
WAYNE_COUNTY_PA,3
PIKE_COUNTY_PA,3
MONROE_COUNTY_PA,3
CARBON_COUNTY_PA,3
LUZERNE_COUNTY_PA,3
LAWRENCE_COUNTY_PA,4
BEAVER_COUNTY_PA,4
WASHINGTON_COUNTY_PA,4
GREENE_COUNTY_PA,4
BUTLER_COUNTY_PA,4
ALLEGHENY_COUNTY_PA,4
WESTMORELAND_COUNTY_PA,4
ARMSTRONG_COUNTY_PA,4
INDIANA_COUNTY_PA,4
FAYETTE_COUNTY_PA,4
JEFFERSON_COUNTY_PA,5
CLEARFIELD_COUNTY_PA,5
CAMBRIA_COUNTY_PA,5
SOMERSET_COUNTY_PA,5
BEDFORD_COUNTY_PA,5
BLAIR_COUNTY_PA,5
HUNTINGDON_COUNTY_PA,5
CENTRE_COUNTY_PA,6
MIFFLIN_COUNTY_PA,6
UNION_COUNTY_PA,6
SNYDER_COUNTY_PA,6
MONTOUR_COUNTY_PA,6
NORTHUMBERLAND_COUNTY_PA,6
COLUMBIA_COUNTY_PA,6
SCHUYLKILL_COUNTY_PA,6
LEHIGH_COUNTY_PA,6
NORTHAMPTON_COUNTY_PA,6
ADAMS_COUNTY_PA,7
YORK_COUNTY_PA,7
LANCASTER_COUNTY_PA,7
BERKS_COUNTY_PA,7
CHESTER_COUNTY_PA,8
DELAWARE_COUNTY_PA,8
MONTGOMERY_COUNTY_PA,8
BUCKS_COUNTY_PA,8
PHILADELPHIA_COUNTY_PA,8
FULTON_COUNTY_PA,9
FRANKLIN_COUNTY_PA,9
CUMBERLAND_COUNTY_PA,9
PERRY_COUNTY_PA,9
JUNIATA_COUNTY_PA,9
DAUPHIN_COUNTY_PA,9
LEBANON_COUNTY_PA,9
BRISTOL_COUNTY_RI,1
KENT_COUNTY_RI,1
NEWPORT_COUNTY_RI,1
PROVIDENCE_COUNTY_RI,1
WASHINGTON_COUNTY_RI,1
ABBEVILLE_COUNTY_SC,1
AIKEN_COUNTY_SC,2
ALLENDALE_COUNTY_SC,3
ANDERSON_COUNTY_SC,4
BAMBERG_COUNTY_SC,5
BARNWELL_COUNTY_SC,6
BEAUFORT_COUNTY_SC,7
BERKELEY_COUNTY_SC,8
CALHOUN_COUNTY_SC,9
CHARLESTON_COUNTY_SC,10
CHEROKEE_COUNTY_SC,11
CHESTERFIELD_COUNTY_SC,12
CLARENDON_COUNTY_SC,14
COLLETON_COUNTY_SC,15
DARLINGTON_COUNTY_SC,16
DILLON_COUNTY_SC,17
DORCHESTER_COUNTY_SC,18
EDGEFIELD_COUNTY_SC,19
FAIRFIELD_COUNTY_SC,20
FLORENCE_COUNTY_SC,21
GEORGETOWN_COUNTY_SC,22
GREENVILLE_COUNTY_SC,23
GREENWOOD_COUNTY_SC,24
HAMPTON_COUNTY_SC,25
HORRY_COUNTY_SC,26
JASPER_COUNTY_SC,27
KERSHAW_COUNTY_SC,28
LANCASTER_COUNTY_SC,29
LAURENS_COUNTY_SC,30
LEE_COUNTY_SC,31
LEXINGTON_COUNTY_SC,32
MCCORMICK_COUNTY_SC,33
MARION_COUNTY_SC,34
MARLBORO_COUNTY_SC,35
NEWBERRY_COUNTY_SC,36
OCONEE_COUNTY_SC,37
ORANGEBURG_COUNTY_SC,38
PICKENS_COUNTY_SC,39
RICHLAND_COUNTY_SC,40
SALUDA_COUNTY_SC,41
SPARTANBURG_COUNTY_SC,42
SUMTER_COUNTY_SC,43
UNION_COUNTY_SC,44
WILLIAMSBURG_COUNTY_SC,45
YORK_COUNTY_SC,46
HARDING_COUNTY_SD,1
BUTTE_COUNTY_SD,1
PERKINS_COUNTY_SD,1
CORSON_COUNTY_SD,1
DEWEY_COUNTY_SD,1
ZIEBACH_COUNTY_SD,1
HAAKON_COUNTY_SD,1
JACKSON_COUNTY_SD,1
BENNETT_COUNTY_SD,1
Shannon,1
FALL_RIVER_COUNTY_SD,1
CUSTER_COUNTY_SD,1
PENNINGTON_COUNTY_SD,1
LAWRENCE_COUNTY_SD,1
MEADE_COUNTY_SD,1
STANLEY_COUNTY_SD,1
JONES_COUNTY_SD,1
LYMAN_COUNTY_SD,1
MELLETTE_COUNTY_SD,1
TODD_COUNTY_SD,1
TRIPP_COUNTY_SD,1
GREGORY_COUNTY_SD,1
LAKE_COUNTY_SD,2
MOODY_COUNTY_SD,2
MCCOOK_COUNTY_SD,2
MINNEHAHA_COUNTY_SD,2
TURNER_COUNTY_SD,2
LINCOLN_COUNTY_SD,2
CLAY_COUNTY_SD,2
UNION_COUNTY_SD,2
CAMPBELL_COUNTY_SD,3
WALWORTH_COUNTY_SD,3
POTTER_COUNTY_SD,3
MCPHERSON_COUNTY_SD,3
EDMUNDS_COUNTY_SD,3
FAULK_COUNTY_SD,3
BROWN_COUNTY_SD,3
SPINK_COUNTY_SD,3
MARSHALL_COUNTY_SD,3
ROBERTS_COUNTY_SD,3
DAY_COUNTY_SD,3
GRANT_COUNTY_SD,3
CODINGTON_COUNTY_SD,3
CLARK_COUNTY_SD,3
HAMLIN_COUNTY_SD,3
DEUEL_COUNTY_SD,3
BROOKINGS_COUNTY_SD,3
KINGSBURY_COUNTY_SD,3
BEADLE_COUNTY_SD,3
SULLY_COUNTY_SD,4
HUGHES_COUNTY_SD,4
HYDE_COUNTY_SD,4
HAND_COUNTY_SD,4
BUFFALO_COUNTY_SD,4
JERAULD_COUNTY_SD,4
SANBORN_COUNTY_SD,4
MINER_COUNTY_SD,4
BRULE_COUNTY_SD,4
AURORA_COUNTY_SD,4
DAVISON_COUNTY_SD,4
HANSON_COUNTY_SD,4
DOUGLAS_COUNTY_SD,4
CHARLES_MIX_COUNTY_SD,4
HUTCHINSON_COUNTY_SD,4
BON_HOMME_COUNTY_SD,4
YANKTON_COUNTY_SD,4
CARTER_COUNTY_TN,1
GREENE_COUNTY_TN,1
HANCOCK_COUNTY_TN,1
HAWKINS_COUNTY_TN,1
JOHNSON_COUNTY_TN,1
SULLIVAN_COUNTY_TN,1
UNICOI_COUNTY_TN,1
WASHINGTON_COUNTY_TN,1
ANDERSON_COUNTY_TN,2
BLOUNT_COUNTY_TN,2
CAMPBELL_COUNTY_TN,2
CLAIBORNE_COUNTY_TN,2
COCKE_COUNTY_TN,2
GRAINGER_COUNTY_TN,2
HAMBLEN_COUNTY_TN,2
JEFFERSON_COUNTY_TN,2
KNOX_COUNTY_TN,2
LOUDON_COUNTY_TN,2
MONROE_COUNTY_TN,2
MORGAN_COUNTY_TN,2
ROANE_COUNTY_TN,2
SCOTT_COUNTY_TN,2
SEVIER_COUNTY_TN,2
UNION_COUNTY_TN,2
BLEDSOE_COUNTY_TN,3
BRADLEY_COUNTY_TN,3
FRANKLIN_COUNTY_TN,3
GRUNDY_COUNTY_TN,3
HAMILTON_COUNTY_TN,3
MCMINN_COUNTY_TN,3
MEIGS_COUNTY_TN,3
POLK_COUNTY_TN,3
RHEA_COUNTY_TN,3
SEQUATCHIE_COUNTY_TN,3
CHEATHAM_COUNTY_TN,4
DAVIDSON_COUNTY_TN,4
MONTGOMERY_COUNTY_TN,4
ROBERTSON_COUNTY_TN,4
RUTHERFORD_COUNTY_TN,4
SUMNER_COUNTY_TN,4
TROUSDALE_COUNTY_TN,4
WILLIAMSON_COUNTY_TN,4
WILSON_COUNTY_TN,4
BENTON_COUNTY_TN,5
CARROLL_COUNTY_TN,5
CHESTER_COUNTY_TN,5
CROCKETT_COUNTY_TN,5
DECATUR_COUNTY_TN,5
DYER_COUNTY_TN,5
GIBSON_COUNTY_TN,5
HARDEMAN_COUNTY_TN,5
HARDIN_COUNTY_TN,5
HENDERSON_COUNTY_TN,5
HENRY_COUNTY_TN,5
LAKE_COUNTY_TN,5
MADISON_COUNTY_TN,5
MCNAIRY_COUNTY_TN,5
OBION_COUNTY_TN,5
WEAKLEY_COUNTY_TN,5
FAYETTE_COUNTY_TN,6
HAYWOOD_COUNTY_TN,6
LAUDERDALE_COUNTY_TN,6
SHELBY_COUNTY_TN,6
TIPTON_COUNTY_TN,6
CANNON_COUNTY_TN,7
CLAY_COUNTY_TN,7
CUMBERLAND_COUNTY_TN,7
DEKALB_COUNTY_TN,7
FENTRESS_COUNTY_TN,7
JACKSON_COUNTY_TN,7
MACON_COUNTY_TN,7
OVERTON_COUNTY_TN,7
PICKETT_COUNTY_TN,7
PUTNAM_COUNTY_TN,7
SMITH_COUNTY_TN,7
VAN_BUREN_COUNTY_TN,7
WARREN_COUNTY_TN,7
WHITE_COUNTY_TN,7
BEDFORD_COUNTY_TN,8
COFFEE_COUNTY_TN,8
DICKSON_COUNTY_TN,8
GILES_COUNTY_TN,8
HICKMAN_COUNTY_TN,8
HOUSTON_COUNTY_TN,8
HUMPHREYS_COUNTY_TN,8
LAWRENCE_COUNTY_TN,8
LEWIS_COUNTY_TN,8
LINCOLN_COUNTY_TN,8
MARSHALL_COUNTY_TN,8
MAURY_COUNTY_TN,8
MOORE_COUNTY_TN,8
PERRY_COUNTY_TN,8
STEWART_COUNTY_TN,8
WAYNE_COUNTY_TN,8
CALLAHAN_COUNTY_TX,1
JONES_COUNTY_TX,1
TAYLOR_COUNTY_TX,1
ARMSTRONG_COUNTY_TX,2
CARSON_COUNTY_TX,2
POTTER_COUNTY_TX,2
RANDALL_COUNTY_TX,2
BASTROP_COUNTY_TX,3
CALDWELL_COUNTY_TX,3
HAYS_COUNTY_TX,3
TRAVIS_COUNTY_TX,3
WILLIAMSON_COUNTY_TX,3
HARDIN_COUNTY_TX,4
JEFFERSON_COUNTY_TX,4
ORANGE_COUNTY_TX,4
CAMERON_COUNTY_TX,5
BRAZOS_COUNTY_TX,6
BURLESON_COUNTY_TX,6
ROBERTSON_COUNTY_TX,6
ARANSAS_COUNTY_TX,7
NUECES_COUNTY_TX,7
SAN_PATRICIO_COUNTY_TX,7
COLLIN_COUNTY_TX,8
DALLAS_COUNTY_TX,8
DELTA_COUNTY_TX,8
DENTON_COUNTY_TX,8
ELLIS_COUNTY_TX,8
HUNT_COUNTY_TX,8
JOHNSON_COUNTY_TX,8
KAUFMAN_COUNTY_TX,8
PARKER_COUNTY_TX,8
ROCKWALL_COUNTY_TX,8
TARRANT_COUNTY_TX,8
WISE_COUNTY_TX,8
EL_PASO_COUNTY_TX,9
AUSTIN_COUNTY_TX,10
BRAZORIA_COUNTY_TX,10
CHAMBERS_COUNTY_TX,10
FORT_BEND_COUNTY_TX,10
GALVESTON_COUNTY_TX,10
HARRISON_COUNTY_TX,10
LIBERTY_COUNTY_TX,10
MONTGOMERY_COUNTY_TX,10
SAN_JACINTO_COUNTY_TX,10
WALLER_COUNTY_TX,10
BELL_COUNTY_TX,11
CORYELL_COUNTY_TX,11
LAMPASAS_COUNTY_TX,11
WEBB_COUNTY_TX,12
GREGG_COUNTY_TX,13
RUSK_COUNTY_TX,13
UPSHUR_COUNTY_TX,13
CROSBY_COUNTY_TX,14
LUBBOCK_COUNTY_TX,14
HIDALGO_COUNTY_TX,15
MIDLAND_COUNTY_TX,16
ECTOR_COUNTY_TX,17
IRION_COUNTY_TX,18
TOM_GREEN_COUNTY_TX,18
ATASCOSA_COUNTY_TX,19
BANDERA_COUNTY_TX,19
BEXAR_COUNTY_TX,19
COMAL_COUNTY_TX,19
GUADALUPE_COUNTY_TX,19
KENDALL_COUNTY_TX,19
MEDINA_COUNTY_TX,19
WILSON_COUNTY_TX,19
GRAYSON_COUNTY_TX,20
BOWIE_COUNTY_TX,21
SMITH_COUNTY_TX,22
CALHOUN_COUNTY_TX,23
GOLIAD_COUNTY_TX,23
VICTORIA_COUNTY_TX,23
MCLENNAN_COUNTY_TX,24
ARCHER_COUNTY_TX,25
CLAY_COUNTY_TX,25
WICHITA_COUNTY_TX,25
JIM_WELLS_COUNTY_TX,26
ANDREWS_COUNTY_TX,26
HENDERSON_COUNTY_TX,26
MATAGORDA_COUNTY_TX,26
BEE_COUNTY_TX,26
HOWARD_COUNTY_TX,26
FANNIN_COUNTY_TX,26
HUTCHINSON_COUNTY_TX,26
WASHINGTON_COUNTY_TX,26
BROWN_COUNTY_TX,26
NAVARRO_COUNTY_TX,26
VAL_VERDE_COUNTY_TX,26
MOORE_COUNTY_TX,26
MAVERICK_COUNTY_TX,26
WHARTON_COUNTY_TX,26
GILLESPIE_COUNTY_TX,26
COOKE_COUNTY_TX,26
HOOD_COUNTY_TX,26
SOMERVELL_COUNTY_TX,26
DEAF_SMITH_COUNTY_TX,26
WALKER_COUNTY_TX,26
CHEROKEE_COUNTY_TX,26
KERR_COUNTY_TX,26
KENEDY_COUNTY_TX,26
KLEBERG_COUNTY_TX,26
DAWSON_COUNTY_TX,26
HOCKLEY_COUNTY_TX,26
ANGELINA_COUNTY_TX,26
BURNET_COUNTY_TX,26
PALO_PINTO_COUNTY_TX,26
TITUS_COUNTY_TX,26
NACOGDOCHES_COUNTY_TX,26
ANDERSON_COUNTY_TX,26
LAMAR_COUNTY_TX,26
REEVES_COUNTY_TX,26
HALE_COUNTY_TX,26
WILLACY_COUNTY_TX,26
STARR_COUNTY_TX,26
SCURRY_COUNTY_TX,26
ERATH_COUNTY_TX,26
HOPKINS_COUNTY_TX,26
NOLAN_COUNTY_TX,26
UVALDE_COUNTY_TX,26
WILBARGER_COUNTY_TX,26
CAMP_COUNTY_TX,26
CASS_COUNTY_TX,26
CASTRO_COUNTY_TX,26
CHILDRESS_COUNTY_TX,26
COCHRAN_COUNTY_TX,26
COKE_COUNTY_TX,26
COLEMAN_COUNTY_TX,26
COLLINGSWORTH_COUNTY_TX,26
COLORADO_COUNTY_TX,26
COMANCHE_COUNTY_TX,26
CONCHO_COUNTY_TX,26
COTTLE_COUNTY_TX,26
CRANE_COUNTY_TX,26
CROCKETT_COUNTY_TX,26
Culbertson,26
DALLAM_COUNTY_TX,26
DEWITT_COUNTY_TX,26
DICKENS_COUNTY_TX,26
DIMMIT_COUNTY_TX,26
DONLEY_COUNTY_TX,26
DUVAL_COUNTY_TX,26
EASTLAND_COUNTY_TX,26
EDWARDS_COUNTY_TX,26
FALLS_COUNTY_TX,26
FAYETTE_COUNTY_TX,26
FISHER_COUNTY_TX,26
FLOYD_COUNTY_TX,26
FOARD_COUNTY_TX,26
FRANKLIN_COUNTY_TX,26
FREESTONE_COUNTY_TX,26
FRIO_COUNTY_TX,26
GAINES_COUNTY_TX,26
GARZA_COUNTY_TX,26
GLASSCOCK_COUNTY_TX,26
GONZALES_COUNTY_TX,26
GRIMES_COUNTY_TX,26
UPTON_COUNTY_TX,26
VAN_ZANDT_COUNTY_TX,26
WHEELER_COUNTY_TX,26
WINKLER_COUNTY_TX,26
WOOD_COUNTY_TX,26
YOAKUM_COUNTY_TX,26
YOUNG_COUNTY_TX,26
ZAPATA_COUNTY_TX,26
ZAVALA_COUNTY_TX,26
BROOKS_COUNTY_TX,26
BAILEY_COUNTY_TX,26
BLANCO_COUNTY_TX,26
BORDEN_COUNTY_TX,26
BOSQUE_COUNTY_TX,26
BREWSTER_COUNTY_TX,26
BRISCOE_COUNTY_TX,26
SHACKELFORD_COUNTY_TX,26
SHELBY_COUNTY_TX,26
SHERMAN_COUNTY_TX,26
STEPHENS_COUNTY_TX,26
STERLING_COUNTY_TX,26
STONEWALL_COUNTY_TX,26
SUTTON_COUNTY_TX,26
SWISHER_COUNTY_TX,26
TERRELL_COUNTY_TX,26
TERRY_COUNTY_TX,26
THROCKMORTON_COUNTY_TX,26
TRINITY_COUNTY_TX,26
TYLER_COUNTY_TX,26
RAINS_COUNTY_TX,26
REAL_COUNTY_TX,26
RED_RIVER_COUNTY_TX,26
REFUGIO_COUNTY_TX,26
RUNNELS_COUNTY_TX,26
SABINE_COUNTY_TX,26
SAN_AUGUSTINE_COUNTY_TX,26
SAN_SABA_COUNTY_TX,26
SCHLEICHER_COUNTY_TX,26
MORRIS_COUNTY_TX,26
MOTLEY_COUNTY_TX,26
NEWTON_COUNTY_TX,26
OCHILTREE_COUNTY_TX,26
OLDHAM_COUNTY_TX,26
PANOLA_COUNTY_TX,26
PARMER_COUNTY_TX,26
PECOS_COUNTY_TX,26
POLK_COUNTY_TX,26
PRESIDIO_COUNTY_TX,26
MADISON_COUNTY_TX,26
MARION_COUNTY_TX,26
MARTIN_COUNTY_TX,26
MASON_COUNTY_TX,26
MCCULLOCH_COUNTY_TX,26
MCMULLEN_COUNTY_TX,26
MENARD_COUNTY_TX,26
MILAM_COUNTY_TX,26
MILLS_COUNTY_TX,26
MITCHELL_COUNTY_TX,26
MONTAGUE_COUNTY_TX,26
HALL_COUNTY_TX,26
HAMILTON_COUNTY_TX,26
HANSFORD_COUNTY_TX,26
HARTLEY_COUNTY_TX,26
HASKELL_COUNTY_TX,26
HILL_COUNTY_TX,26
HOUSTON_COUNTY_TX,26
HUDSPETH_COUNTY_TX,26
JACK_COUNTY_TX,26
JACKSON_COUNTY_TX,26
JASPER_COUNTY_TX,26
JEFF_DAVIS_COUNTY_TX,26
KARNES_COUNTY_TX,26
KENT_COUNTY_TX,26
KING_COUNTY_TX,26
KINNEY_COUNTY_TX,26
KNOX_COUNTY_TX,26
LA_SALLE_COUNTY_TX,26
LAMB_COUNTY_TX,26
LAVACA_COUNTY_TX,26
LEE_COUNTY_TX,26
LEON_COUNTY_TX,26
LIMESTONE_COUNTY_TX,26
LIPSCOMB_COUNTY_TX,26
LIVE_OAK_COUNTY_TX,26
LLANO_COUNTY_TX,26
LOVING_COUNTY_TX,26
LYNN_COUNTY_TX,26
CACHE_COUNTY_UT,1
RICH_COUNTY_UT,1
BOX_ELDER_COUNTY_UT,2
MORGAN_COUNTY_UT,2
WEBER_COUNTY_UT,2
DAVIS_COUNTY_UT,3
SALT_LAKE_COUNTY_UT,3
SUMMIT_COUNTY_UT,3
TOOELE_COUNTY_UT,3
WASATCH_COUNTY_UT,3
UTAH_COUNTY_UT,4
IRON_COUNTY_UT,5
WASHINGTON_COUNTY_UT,5
BEAVER_COUNTY_UT,6
CARBON_COUNTY_UT,6
DAGGETT_COUNTY_UT,6
DUCHESNE_COUNTY_UT,6
EMERY_COUNTY_UT,6
GARFIELD_COUNTY_UT,6
GRAND_COUNTY_UT,6
JUAB_COUNTY_UT,6
KANE_COUNTY_UT,6
MILLARD_COUNTY_UT,6
PIUTE_COUNTY_UT,6
SAN_JUAN_COUNTY_UT,6
SANPETE_COUNTY_UT,6
SEVIER_COUNTY_UT,6
UINTAH_COUNTY_UT,6
WAYNE_COUNTY_UT,6
GILES_COUNTY_VA,1
MONTGOMERY_COUNTY_VA,1
PULASKI_COUNTY_VA,1
RADFORD_CITY_VA,1
ALBEMARLE_COUNTY_VA,2
FLUVANNA_COUNTY_VA,2
GREENE_COUNTY_VA,2
NELSON_COUNTY_VA,2
CHARLOTTESVILLE_CITY_VA,2
PITTSYLVANIA_COUNTY_VA,3
DANVILLE_CITY_VA,3
ROCKINGHAM_COUNTY_VA,4
HARRISONBURG_CITY_VA,4
SCOTT_COUNTY_VA,5
WASHINGTON_COUNTY_VA,5
BRISTOL_CITY_VA,5
AMHERST_COUNTY_VA,6
APPOMATTOX_COUNTY_VA,6
BEDFORD_COUNTY_VA,6
CAMPBELL_COUNTY_VA,6
LYNCHBURG_CITY_VA,6
AMELIA_COUNTY_VA,7
CAROLINE_COUNTY_VA,7
CHARLES_CITY_COUNTY_VA,7
CHESTERFIELD_COUNTY_VA,7
CUMBERLAND_COUNTY_VA,7
DINWIDDIE_COUNTY_VA,7
GOOCHLAND_COUNTY_VA,7
HANOVER_COUNTY_VA,7
HENRICO_COUNTY_VA,7
KING_AND_QUEEN_COUNTY_VA,7
KING_WILLIAM_COUNTY_VA,7
LOUISA_COUNTY_VA,7
NEW_KENT_COUNTY_VA,7
POWHATAN_COUNTY_VA,7
PRINCE_GEORGE_COUNTY_VA,7
SUSSEX_COUNTY_VA,7
HOPEWELL_CITY_VA,7
PETERSBURG_CITY_VA,7
RICHMOND_CITY_VA,7
BOTETOURT_COUNTY_VA,8
CRAIG_COUNTY_VA,8
FRANKLIN_CITY_VA,8
ROANOKE_CITY_VA,8
GLOUCESTER_COUNTY_VA,9
ISLE_OF_WIGHT_COUNTY_VA,9
JAMES_CITY_COUNTY_VA,9
MATHEWS_COUNTY_VA,9
SURRY_COUNTY_VA,9
YORK_COUNTY_VA,9
CHESAPEAKE_CITY_VA,9
HAMPTON_CITY_VA,9
NEWPORT_NEWS_CITY_VA,9
NORFOLK_CITY_VA,9
POQUOSON_CITY_VA,9
PORTSMOUTH_CITY_VA,9
SUFFOLK_CITY_VA,9
VIRGINIA_BEACH_CITY_VA,9
ARLINGTON_COUNTY_VA,10
CLARKE_COUNTY_VA,10
FAIRFAX_COUNTY_VA,10
FAUQUIER_COUNTY_VA,10
LOUDOUN_COUNTY_VA,10
PRINCE_WILLIAM_COUNTY_VA,10
SPOTSYLVANIA_COUNTY_VA,10
STAFFORD_COUNTY_VA,10
WARREN_COUNTY_VA,10
ALEXANDRIA_CITY_VA,10
FAIRFAX_CITY_VA,10
FALLS_CHURCH_CITY_VA,10
FREDERICKSBURG_CITY_VA,10
MANASSAS_PARK_CITY_VA,10
ACCOMACK_COUNTY_VA,12
ALLEGHANY_COUNTY_VA,12
AUGUSTA_COUNTY_VA,12
BATH_COUNTY_VA,12
BLAND_COUNTY_VA,12
BRUNSWICK_COUNTY_VA,12
BUCHANAN_COUNTY_VA,12
BUCKINGHAM_COUNTY_VA,12
CARROLL_COUNTY_VA,12
CULPEPER_COUNTY_VA,12
DICKENSON_COUNTY_VA,12
ESSEX_COUNTY_VA,12
FLOYD_COUNTY_VA,12
GRAYSON_COUNTY_VA,12
GREENSVILLE_COUNTY_VA,12
HALIFAX_COUNTY_VA,12
HENRY_COUNTY_VA,12
HIGHLAND_COUNTY_VA,12
KING_GEORGE_COUNTY_VA,12
LANCASTER_COUNTY_VA,12
LEE_COUNTY_VA,12
LUNENBURG_COUNTY_VA,12
MADISON_COUNTY_VA,12
MECKLENBURG_COUNTY_VA,12
MIDDLESEX_COUNTY_VA,12
NORTHAMPTON_COUNTY_VA,12
NORTHUMBERLAND_COUNTY_VA,12
NOTTOWAY_COUNTY_VA,12
ORANGE_COUNTY_VA,12
PAGE_COUNTY_VA,12
PATRICK_COUNTY_VA,12
PRINCE_EDWARD_COUNTY_VA,12
RAPPAHANNOCK_COUNTY_VA,12
RICHMOND_COUNTY_VA,12
ROCKBRIDGE_COUNTY_VA,12
RUSSELL_COUNTY_VA,12
SHENANDOAH_COUNTY_VA,12
SMYTH_COUNTY_VA,12
SOUTHAMPTON_COUNTY_VA,12
TAZEWELL_COUNTY_VA,12
WESTMORELAND_COUNTY_VA,12
WISE_COUNTY_VA,12
WYTHE_COUNTY_VA,12
EMPORIA_CITY_VA,12
LEXINGTON_CITY_VA,12
NORTON_CITY_VA,12
STAUNTON_CITY_VA,12
WAYNESBORO_CITY_VA,12
CHITTENDEN_COUNTY_VT,1
FRANKLIN_COUNTY_VT,1
GRAND_ISLE_COUNTY_VT,1
ADDISON_COUNTY_VT,1
BENNINGTON_COUNTY_VT,1
CALEDONIA_COUNTY_VT,1
ESSEX_COUNTY_VT,1
LAMOILLE_COUNTY_VT,1
ORANGE_COUNTY_VT,1
ORLEANS_COUNTY_VT,1
RUTLAND_COUNTY_VT,1
WASHINGTON_COUNTY_VT,1
WINDHAM_COUNTY_VT,1
WINDSOR_COUNTY_VT,1
KING_COUNTY_WA,1
CLALLAM_COUNTY_WA,2
COWLITZ_COUNTY_WA,2
GRAYS_HARBOR_COUNTY_WA,2
ISLAND_COUNTY_WA,2
JEFFERSON_COUNTY_WA,2
MASON_COUNTY_WA,2
LEWIS_COUNTY_WA,2
KITSAP_COUNTY_WA,2
PACIFIC_COUNTY_WA,2
PIERCE_COUNTY_WA,2
SAN_JUAN_COUNTY_WA,2
SKAGIT_COUNTY_WA,2
SNOHOMISH_COUNTY_WA,2
THURSTON_COUNTY_WA,2
WAHKIAKUM_COUNTY_WA,2
WHATCOM_COUNTY_WA,2
CLARK_COUNTY_WA,3
KLICKITAT_COUNTY_WA,3
SKAMANIA_COUNTY_WA,3
FERRY_COUNTY_WA,4
LINCOLN_COUNTY_WA,4
PEND_OREILLE_COUNTY_WA,4
SPOKANE_COUNTY_WA,4
STEVENS_COUNTY_WA,4
ADAMS_COUNTY_WA,5
ASOTIN_COUNTY_WA,5
BENTON_COUNTY_WA,5
CHELAN_COUNTY_WA,5
COLUMBIA_COUNTY_WA,5
DOUGLAS_COUNTY_WA,5
FRANKLIN_COUNTY_WA,5
GARFIELD_COUNTY_WA,5
GRANT_COUNTY_WA,5
KITTITAS_COUNTY_WA,5
OKANOGAN_COUNTY_WA,5
WALLA_WALLA_COUNTY_WA,5
WHITMAN_COUNTY_WA,5
YAKIMA_COUNTY_WA,5
MILWAUKEE_COUNTY_WI,1
DANE_COUNTY_WI,2
POLK_COUNTY_WI,3
ST_CROIX_COUNTY_WI,3
PIERCE_COUNTY_WI,3
DUNN_COUNTY_WI,4
PEPIN_COUNTY_WI,4
CHIPPEWA_COUNTY_WI,4
EAU_CLAIRE_COUNTY_WI,4
DOUGLAS_COUNTY_WI,5
BAYFIELD_COUNTY_WI,5
ASHLAND_COUNTY_WI,5
BURNETT_COUNTY_WI,5
WASHBURN_COUNTY_WI,5
SAWYER_COUNTY_WI,5
BUFFALO_COUNTY_WI,6
TREMPEALEAU_COUNTY_WI,6
JACKSON_COUNTY_WI,6
LA_CROSSE_COUNTY_WI,6
MONROE_COUNTY_WI,6
VERNON_COUNTY_WI,7
CRAWFORD_COUNTY_WI,7
GRANT_COUNTY_WI,7
IOWA_COUNTY_WI,7
LAFAYETTE_COUNTY_WI,7
BARRON_COUNTY_WI,8
RUSK_COUNTY_WI,8
PRICE_COUNTY_WI,8
TAYLOR_COUNTY_WI,8
CLARK_COUNTY_WI,8
RACINE_COUNTY_WI,9
KENOSHA_COUNTY_WI,9
LINCOLN_COUNTY_WI,10
MARATHON_COUNTY_WI,10
WOOD_COUNTY_WI,10
PORTAGE_COUNTY_WI,10
WAUPACA_COUNTY_WI,11
OUTAGAMIE_COUNTY_WI,11
WAUSHARA_COUNTY_WI,11
WINNEBAGO_COUNTY_WI,11
CALUMET_COUNTY_WI,11
FOND_DU_LAC_COUNTY_WI,11
SHEBOYGAN_COUNTY_WI,11
DODGE_COUNTY_WI,11
WASHINGTON_COUNTY_WI,12
OZAUKEE_COUNTY_WI,12
WAUKESHA_COUNTY_WI,12
IRON_COUNTY_WI,13
VILAS_COUNTY_WI,13
ONEIDA_COUNTY_WI,13
FOREST_COUNTY_WI,13
FLORENCE_COUNTY_WI,13
LANGLADE_COUNTY_WI,13
GREEN_COUNTY_WI,14
ROCK_COUNTY_WI,14
WALWORTH_COUNTY_WI,14
JEFFERSON_COUNTY_WI,14
COLUMBIA_COUNTY_WI,14
JUNEAU_COUNTY_WI,15
ADAMS_COUNTY_WI,15
MARQUETTE_COUNTY_WI,15
GREEN_LAKE_COUNTY_WI,15
RICHLAND_COUNTY_WI,15
SAUK_COUNTY_WI,15
MARINETTE_COUNTY_WI,16
OCONTO_COUNTY_WI,16
MENOMINEE_COUNTY_WI,16
SHAWANO_COUNTY_WI,16
BROWN_COUNTY_WI,16
MANITOWOC_COUNTY_WI,16
KEWAUNEE_COUNTY_WI,16
DOOR_COUNTY_WI,16
BRAXTON_COUNTY_WV,1
CALHOUN_COUNTY_WV,1
CLAY_COUNTY_WV,1
FAYETTE_COUNTY_WV,1
GREENBRIER_COUNTY_WV,1
NICHOLAS_COUNTY_WV,1
ROANE_COUNTY_WV,1
KANAWHA_COUNTY_WV,2
BOONE_COUNTY_WV,3
LINCOLN_COUNTY_WV,3
LOGAN_COUNTY_WV,3
MCDOWELL_COUNTY_WV,3
MINGO_COUNTY_WV,3
WYOMING_COUNTY_WV,3
MERCER_COUNTY_WV,4
MONROE_COUNTY_WV,4
RALEIGH_COUNTY_WV,4
SUMMERS_COUNTY_WV,4
CABELL_COUNTY_WV,5
MASON_COUNTY_WV,5
PUTNAM_COUNTY_WV,5
WAYNE_COUNTY_WV,5
BERKELEY_COUNTY_WV,6
JEFFERSON_COUNTY_WV,6
GRANT_COUNTY_WV,7
HAMPSHIRE_COUNTY_WV,7
HARDY_COUNTY_WV,7
MINERAL_COUNTY_WV,7
MORGAN_COUNTY_WV,7
PENDLETON_COUNTY_WV,7
DODDRIDGE_COUNTY_WV,8
GILMER_COUNTY_WV,8
LEWIS_COUNTY_WV,8
MARION_COUNTY_WV,8
MONONGALIA_COUNTY_WV,8
WETZEL_COUNTY_WV,8
BARBOUR_COUNTY_WV,9
HARRISON_COUNTY_WV,9
POCAHONTAS_COUNTY_WV,9
PRESTON_COUNTY_WV,9
RANDOLPH_COUNTY_WV,9
TAYLOR_COUNTY_WV,9
TUCKER_COUNTY_WV,9
UPSHUR_COUNTY_WV,9
WEBSTER_COUNTY_WV,9
JACKSON_COUNTY_WV,10
PLEASANTS_COUNTY_WV,10
RITCHIE_COUNTY_WV,10
TYLER_COUNTY_WV,10
WIRT_COUNTY_WV,10
WOOD_COUNTY_WV,10
BROOKE_COUNTY_WV,11
HANCOCK_COUNTY_WV,11
MARSHALL_COUNTY_WV,11
OHIO_COUNTY_WV,11
NATRONA_COUNTY_WY,1
LARAMIE_COUNTY_WY,2
ALBANY_COUNTY_WY,3
BIG_HORN_COUNTY_WY,3
CAMPBELL_COUNTY_WY,3
CARBON_COUNTY_WY,3
CONVERSE_COUNTY_WY,3
CROOK_COUNTY_WY,3
FREMONT_COUNTY_WY,3
GOSHEN_COUNTY_WY,3
HOT_SPRINGS_COUNTY_WY,3
JOHNSON_COUNTY_WY,3
LINCOLN_COUNTY_WY,3
NIOBRARA_COUNTY_WY,3
PARK_COUNTY_WY,3
PLATTE_COUNTY_WY,3
SHERIDAN_COUNTY_WY,3
SUBLETTE_COUNTY_WY,3
SWEETWATER_COUNTY_WY,3
TETON_COUNTY_WY,3
UINTA_COUNTY_WY,3
WASHAKIE_COUNTY_WY,3
WESTON_COUNTY_WY,3
